"Doppel_0.train","Doppel_0.valid","Doppel_10.train","Doppel_10.valid","Doppel_20.train","Doppel_20.valid","Doppel_30.train","Doppel_30.valid","Doppel_40.train","Doppel_40.valid","Doppel_50.train","Doppel_50.valid","Pos_Con_50.train","Pos_Con_50.valid"
"697_HAEMATOPOIETIC_AND_LYMPHOID_TISSUE","A3KAW_HAEMATOPOIETIC_AND_LYMPHOID_TISSUE","A3KAW_HAEMATOPOIETIC_AND_LYMPHOID_TISSUE","697_HAEMATOPOIETIC_AND_LYMPHOID_TISSUE","A3KAW_HAEMATOPOIETIC_AND_LYMPHOID_TISSUE","697_HAEMATOPOIETIC_AND_LYMPHOID_TISSUE","A3KAW_HAEMATOPOIETIC_AND_LYMPHOID_TISSUE","697_HAEMATOPOIETIC_AND_LYMPHOID_TISSUE","A3KAW_HAEMATOPOIETIC_AND_LYMPHOID_TISSUE","697_HAEMATOPOIETIC_AND_LYMPHOID_TISSUE","A3KAW_HAEMATOPOIETIC_AND_LYMPHOID_TISSUE","697_HAEMATOPOIETIC_AND_LYMPHOID_TISSUE","A3KAW_HAEMATOPOIETIC_AND_LYMPHOID_TISSUE","A3KAW_HAEMATOPOIETIC_AND_LYMPHOID_TISSUE"
"NCIH1618_LUNG","A427_LUNG","A427_LUNG","NCIH1618_LUNG","A427_LUNG","NCIH1618_LUNG","A427_LUNG","NCIH1618_LUNG","A427_LUNG","NCIH1618_LUNG","A427_LUNG","NCIH1618_LUNG","A427_LUNG","A427_LUNG"
"ALLSIL_HAEMATOPOIETIC_AND_LYMPHOID_TISSUE","A4FUK_HAEMATOPOIETIC_AND_LYMPHOID_TISSUE","A4FUK_HAEMATOPOIETIC_AND_LYMPHOID_TISSUE","ALLSIL_HAEMATOPOIETIC_AND_LYMPHOID_TISSUE","A4FUK_HAEMATOPOIETIC_AND_LYMPHOID_TISSUE","ALLSIL_HAEMATOPOIETIC_AND_LYMPHOID_TISSUE","A4FUK_HAEMATOPOIETIC_AND_LYMPHOID_TISSUE","ALLSIL_HAEMATOPOIETIC_AND_LYMPHOID_TISSUE","A4FUK_HAEMATOPOIETIC_AND_LYMPHOID_TISSUE","ALLSIL_HAEMATOPOIETIC_AND_LYMPHOID_TISSUE","A4FUK_HAEMATOPOIETIC_AND_LYMPHOID_TISSUE","ALLSIL_HAEMATOPOIETIC_AND_LYMPHOID_TISSUE","A4FUK_HAEMATOPOIETIC_AND_LYMPHOID_TISSUE","A4FUK_HAEMATOPOIETIC_AND_LYMPHOID_TISSUE"
"NCIH1836_LUNG","ABC1_LUNG","ABC1_LUNG","NCIH1836_LUNG","ABC1_LUNG","NCIH1836_LUNG","ABC1_LUNG","NCIH1836_LUNG","ABC1_LUNG","NCIH1836_LUNG","ABC1_LUNG","NCIH1836_LUNG","ABC1_LUNG","ABC1_LUNG"
"BL41_HAEMATOPOIETIC_AND_LYMPHOID_TISSUE","AMO1_HAEMATOPOIETIC_AND_LYMPHOID_TISSUE","AMO1_HAEMATOPOIETIC_AND_LYMPHOID_TISSUE","BL41_HAEMATOPOIETIC_AND_LYMPHOID_TISSUE","AMO1_HAEMATOPOIETIC_AND_LYMPHOID_TISSUE","BL41_HAEMATOPOIETIC_AND_LYMPHOID_TISSUE","AMO1_HAEMATOPOIETIC_AND_LYMPHOID_TISSUE","BL41_HAEMATOPOIETIC_AND_LYMPHOID_TISSUE","AMO1_HAEMATOPOIETIC_AND_LYMPHOID_TISSUE","BL41_HAEMATOPOIETIC_AND_LYMPHOID_TISSUE","AMO1_HAEMATOPOIETIC_AND_LYMPHOID_TISSUE","BL41_HAEMATOPOIETIC_AND_LYMPHOID_TISSUE","AMO1_HAEMATOPOIETIC_AND_LYMPHOID_TISSUE","AMO1_HAEMATOPOIETIC_AND_LYMPHOID_TISSUE"
"NCIH1876_LUNG","BEN_LUNG","BEN_LUNG","NCIH1876_LUNG","BEN_LUNG","NCIH1876_LUNG","BEN_LUNG","NCIH1876_LUNG","BEN_LUNG","NCIH1876_LUNG","BEN_LUNG","NCIH1876_LUNG","BEN_LUNG","BEN_LUNG"
"BL70_HAEMATOPOIETIC_AND_LYMPHOID_TISSUE","BV173_HAEMATOPOIETIC_AND_LYMPHOID_TISSUE","BV173_HAEMATOPOIETIC_AND_LYMPHOID_TISSUE","BL70_HAEMATOPOIETIC_AND_LYMPHOID_TISSUE","BV173_HAEMATOPOIETIC_AND_LYMPHOID_TISSUE","BL70_HAEMATOPOIETIC_AND_LYMPHOID_TISSUE","BV173_HAEMATOPOIETIC_AND_LYMPHOID_TISSUE","BL70_HAEMATOPOIETIC_AND_LYMPHOID_TISSUE","BV173_HAEMATOPOIETIC_AND_LYMPHOID_TISSUE","BL70_HAEMATOPOIETIC_AND_LYMPHOID_TISSUE","BV173_HAEMATOPOIETIC_AND_LYMPHOID_TISSUE","BL70_HAEMATOPOIETIC_AND_LYMPHOID_TISSUE","BV173_HAEMATOPOIETIC_AND_LYMPHOID_TISSUE","BV173_HAEMATOPOIETIC_AND_LYMPHOID_TISSUE"
"NCIH1963_LUNG","CAL12T_LUNG","CAL12T_LUNG","NCIH1963_LUNG","CAL12T_LUNG","NCIH1963_LUNG","CAL12T_LUNG","NCIH1963_LUNG","CAL12T_LUNG","NCIH1963_LUNG","CAL12T_LUNG","NCIH1963_LUNG","CAL12T_LUNG","CAL12T_LUNG"
"CI1_HAEMATOPOIETIC_AND_LYMPHOID_TISSUE","DEL_HAEMATOPOIETIC_AND_LYMPHOID_TISSUE","DEL_HAEMATOPOIETIC_AND_LYMPHOID_TISSUE","CI1_HAEMATOPOIETIC_AND_LYMPHOID_TISSUE","DEL_HAEMATOPOIETIC_AND_LYMPHOID_TISSUE","CI1_HAEMATOPOIETIC_AND_LYMPHOID_TISSUE","DEL_HAEMATOPOIETIC_AND_LYMPHOID_TISSUE","CI1_HAEMATOPOIETIC_AND_LYMPHOID_TISSUE","DEL_HAEMATOPOIETIC_AND_LYMPHOID_TISSUE","CI1_HAEMATOPOIETIC_AND_LYMPHOID_TISSUE","DEL_HAEMATOPOIETIC_AND_LYMPHOID_TISSUE","CI1_HAEMATOPOIETIC_AND_LYMPHOID_TISSUE","DEL_HAEMATOPOIETIC_AND_LYMPHOID_TISSUE","DEL_HAEMATOPOIETIC_AND_LYMPHOID_TISSUE"
"HCC1359_LUNG","CALU3_LUNG","CALU3_LUNG","HCC1359_LUNG","CALU3_LUNG","HCC1359_LUNG","CALU3_LUNG","HCC1359_LUNG","CALU3_LUNG","HCC1359_LUNG","CALU3_LUNG","HCC1359_LUNG","CALU3_LUNG","CALU3_LUNG"
"DAUDI_HAEMATOPOIETIC_AND_LYMPHOID_TISSUE","DND41_HAEMATOPOIETIC_AND_LYMPHOID_TISSUE","DAUDI_HAEMATOPOIETIC_AND_LYMPHOID_TISSUE","DND41_HAEMATOPOIETIC_AND_LYMPHOID_TISSUE","DND41_HAEMATOPOIETIC_AND_LYMPHOID_TISSUE","DAUDI_HAEMATOPOIETIC_AND_LYMPHOID_TISSUE","DND41_HAEMATOPOIETIC_AND_LYMPHOID_TISSUE","DAUDI_HAEMATOPOIETIC_AND_LYMPHOID_TISSUE","DND41_HAEMATOPOIETIC_AND_LYMPHOID_TISSUE","DAUDI_HAEMATOPOIETIC_AND_LYMPHOID_TISSUE","DND41_HAEMATOPOIETIC_AND_LYMPHOID_TISSUE","DAUDI_HAEMATOPOIETIC_AND_LYMPHOID_TISSUE","DND41_HAEMATOPOIETIC_AND_LYMPHOID_TISSUE","DND41_HAEMATOPOIETIC_AND_LYMPHOID_TISSUE"
"LU99_LUNG","CALU6_LUNG","LU99_LUNG","CALU6_LUNG","CALU6_LUNG","LU99_LUNG","CALU6_LUNG","LU99_LUNG","CALU6_LUNG","LU99_LUNG","CALU6_LUNG","LU99_LUNG","CALU6_LUNG","CALU6_LUNG"
"DOHH2_HAEMATOPOIETIC_AND_LYMPHOID_TISSUE","EHEB_HAEMATOPOIETIC_AND_LYMPHOID_TISSUE","DOHH2_HAEMATOPOIETIC_AND_LYMPHOID_TISSUE","EHEB_HAEMATOPOIETIC_AND_LYMPHOID_TISSUE","EHEB_HAEMATOPOIETIC_AND_LYMPHOID_TISSUE","DOHH2_HAEMATOPOIETIC_AND_LYMPHOID_TISSUE","EHEB_HAEMATOPOIETIC_AND_LYMPHOID_TISSUE","DOHH2_HAEMATOPOIETIC_AND_LYMPHOID_TISSUE","EHEB_HAEMATOPOIETIC_AND_LYMPHOID_TISSUE","DOHH2_HAEMATOPOIETIC_AND_LYMPHOID_TISSUE","EHEB_HAEMATOPOIETIC_AND_LYMPHOID_TISSUE","DOHH2_HAEMATOPOIETIC_AND_LYMPHOID_TISSUE","EHEB_HAEMATOPOIETIC_AND_LYMPHOID_TISSUE","EHEB_HAEMATOPOIETIC_AND_LYMPHOID_TISSUE"
"NCIH1299_LUNG","CHAGOK1_LUNG","NCIH1299_LUNG","CHAGOK1_LUNG","CHAGOK1_LUNG","NCIH1299_LUNG","CHAGOK1_LUNG","NCIH1299_LUNG","CHAGOK1_LUNG","NCIH1299_LUNG","CHAGOK1_LUNG","NCIH1299_LUNG","CHAGOK1_LUNG","CHAGOK1_LUNG"
"EB1_HAEMATOPOIETIC_AND_LYMPHOID_TISSUE","EJM_HAEMATOPOIETIC_AND_LYMPHOID_TISSUE","EB1_HAEMATOPOIETIC_AND_LYMPHOID_TISSUE","EJM_HAEMATOPOIETIC_AND_LYMPHOID_TISSUE","EJM_HAEMATOPOIETIC_AND_LYMPHOID_TISSUE","EB1_HAEMATOPOIETIC_AND_LYMPHOID_TISSUE","EJM_HAEMATOPOIETIC_AND_LYMPHOID_TISSUE","EB1_HAEMATOPOIETIC_AND_LYMPHOID_TISSUE","EJM_HAEMATOPOIETIC_AND_LYMPHOID_TISSUE","EB1_HAEMATOPOIETIC_AND_LYMPHOID_TISSUE","EJM_HAEMATOPOIETIC_AND_LYMPHOID_TISSUE","EB1_HAEMATOPOIETIC_AND_LYMPHOID_TISSUE","EJM_HAEMATOPOIETIC_AND_LYMPHOID_TISSUE","EJM_HAEMATOPOIETIC_AND_LYMPHOID_TISSUE"
"NCIH1703_LUNG","COLO668_LUNG","NCIH1703_LUNG","COLO668_LUNG","COLO668_LUNG","NCIH1703_LUNG","COLO668_LUNG","NCIH1703_LUNG","COLO668_LUNG","NCIH1703_LUNG","COLO668_LUNG","NCIH1703_LUNG","COLO668_LUNG","COLO668_LUNG"
"EM2_HAEMATOPOIETIC_AND_LYMPHOID_TISSUE","F36P_HAEMATOPOIETIC_AND_LYMPHOID_TISSUE","EM2_HAEMATOPOIETIC_AND_LYMPHOID_TISSUE","F36P_HAEMATOPOIETIC_AND_LYMPHOID_TISSUE","F36P_HAEMATOPOIETIC_AND_LYMPHOID_TISSUE","EM2_HAEMATOPOIETIC_AND_LYMPHOID_TISSUE","F36P_HAEMATOPOIETIC_AND_LYMPHOID_TISSUE","EM2_HAEMATOPOIETIC_AND_LYMPHOID_TISSUE","F36P_HAEMATOPOIETIC_AND_LYMPHOID_TISSUE","EM2_HAEMATOPOIETIC_AND_LYMPHOID_TISSUE","F36P_HAEMATOPOIETIC_AND_LYMPHOID_TISSUE","EM2_HAEMATOPOIETIC_AND_LYMPHOID_TISSUE","F36P_HAEMATOPOIETIC_AND_LYMPHOID_TISSUE","F36P_HAEMATOPOIETIC_AND_LYMPHOID_TISSUE"
"HCC827_LUNG","CORL105_LUNG","HCC827_LUNG","CORL105_LUNG","CORL105_LUNG","HCC827_LUNG","CORL105_LUNG","HCC827_LUNG","CORL105_LUNG","HCC827_LUNG","CORL105_LUNG","HCC827_LUNG","CORL105_LUNG","CORL105_LUNG"
"GA10_HAEMATOPOIETIC_AND_LYMPHOID_TISSUE","HDLM2_HAEMATOPOIETIC_AND_LYMPHOID_TISSUE","GA10_HAEMATOPOIETIC_AND_LYMPHOID_TISSUE","HDLM2_HAEMATOPOIETIC_AND_LYMPHOID_TISSUE","HDLM2_HAEMATOPOIETIC_AND_LYMPHOID_TISSUE","GA10_HAEMATOPOIETIC_AND_LYMPHOID_TISSUE","HDLM2_HAEMATOPOIETIC_AND_LYMPHOID_TISSUE","GA10_HAEMATOPOIETIC_AND_LYMPHOID_TISSUE","HDLM2_HAEMATOPOIETIC_AND_LYMPHOID_TISSUE","GA10_HAEMATOPOIETIC_AND_LYMPHOID_TISSUE","HDLM2_HAEMATOPOIETIC_AND_LYMPHOID_TISSUE","GA10_HAEMATOPOIETIC_AND_LYMPHOID_TISSUE","HDLM2_HAEMATOPOIETIC_AND_LYMPHOID_TISSUE","HDLM2_HAEMATOPOIETIC_AND_LYMPHOID_TISSUE"
"LCLC97TM1_LUNG","CORL23_LUNG","LCLC97TM1_LUNG","CORL23_LUNG","CORL23_LUNG","LCLC97TM1_LUNG","CORL23_LUNG","LCLC97TM1_LUNG","CORL23_LUNG","LCLC97TM1_LUNG","CORL23_LUNG","LCLC97TM1_LUNG","CORL23_LUNG","CORL23_LUNG"
"HS611T_HAEMATOPOIETIC_AND_LYMPHOID_TISSUE","HDMYZ_HAEMATOPOIETIC_AND_LYMPHOID_TISSUE","HS611T_HAEMATOPOIETIC_AND_LYMPHOID_TISSUE","HDMYZ_HAEMATOPOIETIC_AND_LYMPHOID_TISSUE","HS611T_HAEMATOPOIETIC_AND_LYMPHOID_TISSUE","HDMYZ_HAEMATOPOIETIC_AND_LYMPHOID_TISSUE","HDMYZ_HAEMATOPOIETIC_AND_LYMPHOID_TISSUE","HS611T_HAEMATOPOIETIC_AND_LYMPHOID_TISSUE","HDMYZ_HAEMATOPOIETIC_AND_LYMPHOID_TISSUE","HS611T_HAEMATOPOIETIC_AND_LYMPHOID_TISSUE","HDMYZ_HAEMATOPOIETIC_AND_LYMPHOID_TISSUE","HS611T_HAEMATOPOIETIC_AND_LYMPHOID_TISSUE","HDMYZ_HAEMATOPOIETIC_AND_LYMPHOID_TISSUE","HDMYZ_HAEMATOPOIETIC_AND_LYMPHOID_TISSUE"
"NCIH1838_LUNG","CORL24_LUNG","NCIH1838_LUNG","CORL24_LUNG","NCIH1838_LUNG","CORL24_LUNG","CORL24_LUNG","NCIH1838_LUNG","CORL24_LUNG","NCIH1838_LUNG","CORL24_LUNG","NCIH1838_LUNG","CORL24_LUNG","CORL24_LUNG"
"HT_HAEMATOPOIETIC_AND_LYMPHOID_TISSUE","HL60_HAEMATOPOIETIC_AND_LYMPHOID_TISSUE","HT_HAEMATOPOIETIC_AND_LYMPHOID_TISSUE","HL60_HAEMATOPOIETIC_AND_LYMPHOID_TISSUE","HT_HAEMATOPOIETIC_AND_LYMPHOID_TISSUE","HL60_HAEMATOPOIETIC_AND_LYMPHOID_TISSUE","HL60_HAEMATOPOIETIC_AND_LYMPHOID_TISSUE","HT_HAEMATOPOIETIC_AND_LYMPHOID_TISSUE","HL60_HAEMATOPOIETIC_AND_LYMPHOID_TISSUE","HT_HAEMATOPOIETIC_AND_LYMPHOID_TISSUE","HL60_HAEMATOPOIETIC_AND_LYMPHOID_TISSUE","HT_HAEMATOPOIETIC_AND_LYMPHOID_TISSUE","HL60_HAEMATOPOIETIC_AND_LYMPHOID_TISSUE","HL60_HAEMATOPOIETIC_AND_LYMPHOID_TISSUE"
"NCIH441_LUNG","CORL279_LUNG","NCIH441_LUNG","CORL279_LUNG","NCIH441_LUNG","CORL279_LUNG","CORL279_LUNG","NCIH441_LUNG","CORL279_LUNG","NCIH441_LUNG","CORL279_LUNG","NCIH441_LUNG","CORL279_LUNG","CORL279_LUNG"
"HUNS1_HAEMATOPOIETIC_AND_LYMPHOID_TISSUE","HUT102_HAEMATOPOIETIC_AND_LYMPHOID_TISSUE","HUNS1_HAEMATOPOIETIC_AND_LYMPHOID_TISSUE","HUT102_HAEMATOPOIETIC_AND_LYMPHOID_TISSUE","HUNS1_HAEMATOPOIETIC_AND_LYMPHOID_TISSUE","HUT102_HAEMATOPOIETIC_AND_LYMPHOID_TISSUE","HUT102_HAEMATOPOIETIC_AND_LYMPHOID_TISSUE","HUNS1_HAEMATOPOIETIC_AND_LYMPHOID_TISSUE","HUT102_HAEMATOPOIETIC_AND_LYMPHOID_TISSUE","HUNS1_HAEMATOPOIETIC_AND_LYMPHOID_TISSUE","HUT102_HAEMATOPOIETIC_AND_LYMPHOID_TISSUE","HUNS1_HAEMATOPOIETIC_AND_LYMPHOID_TISSUE","HUT102_HAEMATOPOIETIC_AND_LYMPHOID_TISSUE","HUT102_HAEMATOPOIETIC_AND_LYMPHOID_TISSUE"
"RERFLCAD1_LUNG","DMS114_LUNG","RERFLCAD1_LUNG","DMS114_LUNG","RERFLCAD1_LUNG","DMS114_LUNG","DMS114_LUNG","RERFLCAD1_LUNG","DMS114_LUNG","RERFLCAD1_LUNG","DMS114_LUNG","RERFLCAD1_LUNG","DMS114_LUNG","DMS114_LUNG"
"HUT78_HAEMATOPOIETIC_AND_LYMPHOID_TISSUE","INA6_HAEMATOPOIETIC_AND_LYMPHOID_TISSUE","HUT78_HAEMATOPOIETIC_AND_LYMPHOID_TISSUE","INA6_HAEMATOPOIETIC_AND_LYMPHOID_TISSUE","HUT78_HAEMATOPOIETIC_AND_LYMPHOID_TISSUE","INA6_HAEMATOPOIETIC_AND_LYMPHOID_TISSUE","INA6_HAEMATOPOIETIC_AND_LYMPHOID_TISSUE","HUT78_HAEMATOPOIETIC_AND_LYMPHOID_TISSUE","INA6_HAEMATOPOIETIC_AND_LYMPHOID_TISSUE","HUT78_HAEMATOPOIETIC_AND_LYMPHOID_TISSUE","INA6_HAEMATOPOIETIC_AND_LYMPHOID_TISSUE","HUT78_HAEMATOPOIETIC_AND_LYMPHOID_TISSUE","INA6_HAEMATOPOIETIC_AND_LYMPHOID_TISSUE","INA6_HAEMATOPOIETIC_AND_LYMPHOID_TISSUE"
"NCIH2023_LUNG","DMS273_LUNG","NCIH2023_LUNG","DMS273_LUNG","NCIH2023_LUNG","DMS273_LUNG","DMS273_LUNG","NCIH2023_LUNG","DMS273_LUNG","NCIH2023_LUNG","DMS273_LUNG","NCIH2023_LUNG","DMS273_LUNG","DMS273_LUNG"
"JM1_HAEMATOPOIETIC_AND_LYMPHOID_TISSUE","JJN3_HAEMATOPOIETIC_AND_LYMPHOID_TISSUE","JM1_HAEMATOPOIETIC_AND_LYMPHOID_TISSUE","JJN3_HAEMATOPOIETIC_AND_LYMPHOID_TISSUE","JM1_HAEMATOPOIETIC_AND_LYMPHOID_TISSUE","JJN3_HAEMATOPOIETIC_AND_LYMPHOID_TISSUE","JJN3_HAEMATOPOIETIC_AND_LYMPHOID_TISSUE","JM1_HAEMATOPOIETIC_AND_LYMPHOID_TISSUE","JJN3_HAEMATOPOIETIC_AND_LYMPHOID_TISSUE","JM1_HAEMATOPOIETIC_AND_LYMPHOID_TISSUE","JJN3_HAEMATOPOIETIC_AND_LYMPHOID_TISSUE","JM1_HAEMATOPOIETIC_AND_LYMPHOID_TISSUE","JJN3_HAEMATOPOIETIC_AND_LYMPHOID_TISSUE","JJN3_HAEMATOPOIETIC_AND_LYMPHOID_TISSUE"
"NCIH647_LUNG","DMS454_LUNG","NCIH647_LUNG","DMS454_LUNG","NCIH647_LUNG","DMS454_LUNG","DMS454_LUNG","NCIH647_LUNG","DMS454_LUNG","NCIH647_LUNG","DMS454_LUNG","NCIH647_LUNG","DMS454_LUNG","DMS454_LUNG"
"MC116_HAEMATOPOIETIC_AND_LYMPHOID_TISSUE","JK1_HAEMATOPOIETIC_AND_LYMPHOID_TISSUE","MC116_HAEMATOPOIETIC_AND_LYMPHOID_TISSUE","JK1_HAEMATOPOIETIC_AND_LYMPHOID_TISSUE","MC116_HAEMATOPOIETIC_AND_LYMPHOID_TISSUE","JK1_HAEMATOPOIETIC_AND_LYMPHOID_TISSUE","MC116_HAEMATOPOIETIC_AND_LYMPHOID_TISSUE","JK1_HAEMATOPOIETIC_AND_LYMPHOID_TISSUE","JK1_HAEMATOPOIETIC_AND_LYMPHOID_TISSUE","MC116_HAEMATOPOIETIC_AND_LYMPHOID_TISSUE","JK1_HAEMATOPOIETIC_AND_LYMPHOID_TISSUE","MC116_HAEMATOPOIETIC_AND_LYMPHOID_TISSUE","JK1_HAEMATOPOIETIC_AND_LYMPHOID_TISSUE","JK1_HAEMATOPOIETIC_AND_LYMPHOID_TISSUE"
"RERFLCMS_LUNG","DMS53_LUNG","RERFLCMS_LUNG","DMS53_LUNG","RERFLCMS_LUNG","DMS53_LUNG","RERFLCMS_LUNG","DMS53_LUNG","DMS53_LUNG","RERFLCMS_LUNG","DMS53_LUNG","RERFLCMS_LUNG","DMS53_LUNG","DMS53_LUNG"
"MEC1_HAEMATOPOIETIC_AND_LYMPHOID_TISSUE","JURLMK1_HAEMATOPOIETIC_AND_LYMPHOID_TISSUE","MEC1_HAEMATOPOIETIC_AND_LYMPHOID_TISSUE","JURLMK1_HAEMATOPOIETIC_AND_LYMPHOID_TISSUE","MEC1_HAEMATOPOIETIC_AND_LYMPHOID_TISSUE","JURLMK1_HAEMATOPOIETIC_AND_LYMPHOID_TISSUE","MEC1_HAEMATOPOIETIC_AND_LYMPHOID_TISSUE","JURLMK1_HAEMATOPOIETIC_AND_LYMPHOID_TISSUE","JURLMK1_HAEMATOPOIETIC_AND_LYMPHOID_TISSUE","MEC1_HAEMATOPOIETIC_AND_LYMPHOID_TISSUE","JURLMK1_HAEMATOPOIETIC_AND_LYMPHOID_TISSUE","MEC1_HAEMATOPOIETIC_AND_LYMPHOID_TISSUE","JURLMK1_HAEMATOPOIETIC_AND_LYMPHOID_TISSUE","JURLMK1_HAEMATOPOIETIC_AND_LYMPHOID_TISSUE"
"HCC2935_LUNG","DMS79_LUNG","HCC2935_LUNG","DMS79_LUNG","HCC2935_LUNG","DMS79_LUNG","HCC2935_LUNG","DMS79_LUNG","DMS79_LUNG","HCC2935_LUNG","DMS79_LUNG","HCC2935_LUNG","DMS79_LUNG","DMS79_LUNG"
"MHHCALL2_HAEMATOPOIETIC_AND_LYMPHOID_TISSUE","JVM2_HAEMATOPOIETIC_AND_LYMPHOID_TISSUE","MHHCALL2_HAEMATOPOIETIC_AND_LYMPHOID_TISSUE","JVM2_HAEMATOPOIETIC_AND_LYMPHOID_TISSUE","MHHCALL2_HAEMATOPOIETIC_AND_LYMPHOID_TISSUE","JVM2_HAEMATOPOIETIC_AND_LYMPHOID_TISSUE","MHHCALL2_HAEMATOPOIETIC_AND_LYMPHOID_TISSUE","JVM2_HAEMATOPOIETIC_AND_LYMPHOID_TISSUE","JVM2_HAEMATOPOIETIC_AND_LYMPHOID_TISSUE","MHHCALL2_HAEMATOPOIETIC_AND_LYMPHOID_TISSUE","JVM2_HAEMATOPOIETIC_AND_LYMPHOID_TISSUE","MHHCALL2_HAEMATOPOIETIC_AND_LYMPHOID_TISSUE","JVM2_HAEMATOPOIETIC_AND_LYMPHOID_TISSUE","JVM2_HAEMATOPOIETIC_AND_LYMPHOID_TISSUE"
"NCIH3122_LUNG","DV90_LUNG","NCIH3122_LUNG","DV90_LUNG","NCIH3122_LUNG","DV90_LUNG","NCIH3122_LUNG","DV90_LUNG","DV90_LUNG","NCIH3122_LUNG","DV90_LUNG","NCIH3122_LUNG","DV90_LUNG","DV90_LUNG"
"MINO_HAEMATOPOIETIC_AND_LYMPHOID_TISSUE","JVM3_HAEMATOPOIETIC_AND_LYMPHOID_TISSUE","MINO_HAEMATOPOIETIC_AND_LYMPHOID_TISSUE","JVM3_HAEMATOPOIETIC_AND_LYMPHOID_TISSUE","MINO_HAEMATOPOIETIC_AND_LYMPHOID_TISSUE","JVM3_HAEMATOPOIETIC_AND_LYMPHOID_TISSUE","MINO_HAEMATOPOIETIC_AND_LYMPHOID_TISSUE","JVM3_HAEMATOPOIETIC_AND_LYMPHOID_TISSUE","JVM3_HAEMATOPOIETIC_AND_LYMPHOID_TISSUE","MINO_HAEMATOPOIETIC_AND_LYMPHOID_TISSUE","JVM3_HAEMATOPOIETIC_AND_LYMPHOID_TISSUE","MINO_HAEMATOPOIETIC_AND_LYMPHOID_TISSUE","JVM3_HAEMATOPOIETIC_AND_LYMPHOID_TISSUE","JVM3_HAEMATOPOIETIC_AND_LYMPHOID_TISSUE"
"NCIH3255_LUNG","EBC1_LUNG","NCIH3255_LUNG","EBC1_LUNG","NCIH3255_LUNG","EBC1_LUNG","NCIH3255_LUNG","EBC1_LUNG","EBC1_LUNG","NCIH3255_LUNG","EBC1_LUNG","NCIH3255_LUNG","EBC1_LUNG","EBC1_LUNG"
"MJ_HAEMATOPOIETIC_AND_LYMPHOID_TISSUE","K562_HAEMATOPOIETIC_AND_LYMPHOID_TISSUE","MJ_HAEMATOPOIETIC_AND_LYMPHOID_TISSUE","K562_HAEMATOPOIETIC_AND_LYMPHOID_TISSUE","MJ_HAEMATOPOIETIC_AND_LYMPHOID_TISSUE","K562_HAEMATOPOIETIC_AND_LYMPHOID_TISSUE","MJ_HAEMATOPOIETIC_AND_LYMPHOID_TISSUE","K562_HAEMATOPOIETIC_AND_LYMPHOID_TISSUE","K562_HAEMATOPOIETIC_AND_LYMPHOID_TISSUE","MJ_HAEMATOPOIETIC_AND_LYMPHOID_TISSUE","K562_HAEMATOPOIETIC_AND_LYMPHOID_TISSUE","MJ_HAEMATOPOIETIC_AND_LYMPHOID_TISSUE","K562_HAEMATOPOIETIC_AND_LYMPHOID_TISSUE","K562_HAEMATOPOIETIC_AND_LYMPHOID_TISSUE"
"CORL95_LUNG","EKVX_LUNG","CORL95_LUNG","EKVX_LUNG","CORL95_LUNG","EKVX_LUNG","CORL95_LUNG","EKVX_LUNG","EKVX_LUNG","CORL95_LUNG","EKVX_LUNG","CORL95_LUNG","EKVX_LUNG","EKVX_LUNG"
"NALM19_HAEMATOPOIETIC_AND_LYMPHOID_TISSUE","KARPAS299_HAEMATOPOIETIC_AND_LYMPHOID_TISSUE","NALM19_HAEMATOPOIETIC_AND_LYMPHOID_TISSUE","KARPAS299_HAEMATOPOIETIC_AND_LYMPHOID_TISSUE","NALM19_HAEMATOPOIETIC_AND_LYMPHOID_TISSUE","KARPAS299_HAEMATOPOIETIC_AND_LYMPHOID_TISSUE","NALM19_HAEMATOPOIETIC_AND_LYMPHOID_TISSUE","KARPAS299_HAEMATOPOIETIC_AND_LYMPHOID_TISSUE","NALM19_HAEMATOPOIETIC_AND_LYMPHOID_TISSUE","KARPAS299_HAEMATOPOIETIC_AND_LYMPHOID_TISSUE","KARPAS299_HAEMATOPOIETIC_AND_LYMPHOID_TISSUE","NALM19_HAEMATOPOIETIC_AND_LYMPHOID_TISSUE","KARPAS299_HAEMATOPOIETIC_AND_LYMPHOID_TISSUE","KARPAS299_HAEMATOPOIETIC_AND_LYMPHOID_TISSUE"
"HCC95_LUNG","EPLC272H_LUNG","HCC95_LUNG","EPLC272H_LUNG","HCC95_LUNG","EPLC272H_LUNG","HCC95_LUNG","EPLC272H_LUNG","HCC95_LUNG","EPLC272H_LUNG","EPLC272H_LUNG","HCC95_LUNG","EPLC272H_LUNG","EPLC272H_LUNG"
"NAMALWA_HAEMATOPOIETIC_AND_LYMPHOID_TISSUE","KARPAS620_HAEMATOPOIETIC_AND_LYMPHOID_TISSUE","NAMALWA_HAEMATOPOIETIC_AND_LYMPHOID_TISSUE","KARPAS620_HAEMATOPOIETIC_AND_LYMPHOID_TISSUE","NAMALWA_HAEMATOPOIETIC_AND_LYMPHOID_TISSUE","KARPAS620_HAEMATOPOIETIC_AND_LYMPHOID_TISSUE","NAMALWA_HAEMATOPOIETIC_AND_LYMPHOID_TISSUE","KARPAS620_HAEMATOPOIETIC_AND_LYMPHOID_TISSUE","NAMALWA_HAEMATOPOIETIC_AND_LYMPHOID_TISSUE","KARPAS620_HAEMATOPOIETIC_AND_LYMPHOID_TISSUE","KARPAS620_HAEMATOPOIETIC_AND_LYMPHOID_TISSUE","NAMALWA_HAEMATOPOIETIC_AND_LYMPHOID_TISSUE","KARPAS620_HAEMATOPOIETIC_AND_LYMPHOID_TISSUE","KARPAS620_HAEMATOPOIETIC_AND_LYMPHOID_TISSUE"
"LC1F_LUNG","HARA_LUNG","LC1F_LUNG","HARA_LUNG","LC1F_LUNG","HARA_LUNG","LC1F_LUNG","HARA_LUNG","LC1F_LUNG","HARA_LUNG","HARA_LUNG","LC1F_LUNG","HARA_LUNG","HARA_LUNG"
"NB4_HAEMATOPOIETIC_AND_LYMPHOID_TISSUE","KHM1B_HAEMATOPOIETIC_AND_LYMPHOID_TISSUE","NB4_HAEMATOPOIETIC_AND_LYMPHOID_TISSUE","KHM1B_HAEMATOPOIETIC_AND_LYMPHOID_TISSUE","NB4_HAEMATOPOIETIC_AND_LYMPHOID_TISSUE","KHM1B_HAEMATOPOIETIC_AND_LYMPHOID_TISSUE","NB4_HAEMATOPOIETIC_AND_LYMPHOID_TISSUE","KHM1B_HAEMATOPOIETIC_AND_LYMPHOID_TISSUE","NB4_HAEMATOPOIETIC_AND_LYMPHOID_TISSUE","KHM1B_HAEMATOPOIETIC_AND_LYMPHOID_TISSUE","KHM1B_HAEMATOPOIETIC_AND_LYMPHOID_TISSUE","NB4_HAEMATOPOIETIC_AND_LYMPHOID_TISSUE","KHM1B_HAEMATOPOIETIC_AND_LYMPHOID_TISSUE","KHM1B_HAEMATOPOIETIC_AND_LYMPHOID_TISSUE"
"NCIH1581_LUNG","HCC1171_LUNG","NCIH1581_LUNG","HCC1171_LUNG","NCIH1581_LUNG","HCC1171_LUNG","NCIH1581_LUNG","HCC1171_LUNG","NCIH1581_LUNG","HCC1171_LUNG","HCC1171_LUNG","NCIH1581_LUNG","HCC1171_LUNG","HCC1171_LUNG"
"NUDUL1_HAEMATOPOIETIC_AND_LYMPHOID_TISSUE","KIJK_HAEMATOPOIETIC_AND_LYMPHOID_TISSUE","NUDUL1_HAEMATOPOIETIC_AND_LYMPHOID_TISSUE","KIJK_HAEMATOPOIETIC_AND_LYMPHOID_TISSUE","NUDUL1_HAEMATOPOIETIC_AND_LYMPHOID_TISSUE","KIJK_HAEMATOPOIETIC_AND_LYMPHOID_TISSUE","NUDUL1_HAEMATOPOIETIC_AND_LYMPHOID_TISSUE","KIJK_HAEMATOPOIETIC_AND_LYMPHOID_TISSUE","NUDUL1_HAEMATOPOIETIC_AND_LYMPHOID_TISSUE","KIJK_HAEMATOPOIETIC_AND_LYMPHOID_TISSUE","KIJK_HAEMATOPOIETIC_AND_LYMPHOID_TISSUE","NUDUL1_HAEMATOPOIETIC_AND_LYMPHOID_TISSUE","KIJK_HAEMATOPOIETIC_AND_LYMPHOID_TISSUE","KIJK_HAEMATOPOIETIC_AND_LYMPHOID_TISSUE"
"CORL311_LUNG","HCC1195_LUNG","CORL311_LUNG","HCC1195_LUNG","CORL311_LUNG","HCC1195_LUNG","CORL311_LUNG","HCC1195_LUNG","CORL311_LUNG","HCC1195_LUNG","HCC1195_LUNG","CORL311_LUNG","HCC1195_LUNG","HCC1195_LUNG"
"P3HR1_HAEMATOPOIETIC_AND_LYMPHOID_TISSUE","KMH2_HAEMATOPOIETIC_AND_LYMPHOID_TISSUE","P3HR1_HAEMATOPOIETIC_AND_LYMPHOID_TISSUE","KMH2_HAEMATOPOIETIC_AND_LYMPHOID_TISSUE","P3HR1_HAEMATOPOIETIC_AND_LYMPHOID_TISSUE","KMH2_HAEMATOPOIETIC_AND_LYMPHOID_TISSUE","P3HR1_HAEMATOPOIETIC_AND_LYMPHOID_TISSUE","KMH2_HAEMATOPOIETIC_AND_LYMPHOID_TISSUE","P3HR1_HAEMATOPOIETIC_AND_LYMPHOID_TISSUE","KMH2_HAEMATOPOIETIC_AND_LYMPHOID_TISSUE","KMH2_HAEMATOPOIETIC_AND_LYMPHOID_TISSUE","P3HR1_HAEMATOPOIETIC_AND_LYMPHOID_TISSUE","KMH2_HAEMATOPOIETIC_AND_LYMPHOID_TISSUE","KMH2_HAEMATOPOIETIC_AND_LYMPHOID_TISSUE"
"PC14_LUNG","HCC1588_LUNG","PC14_LUNG","HCC1588_LUNG","PC14_LUNG","HCC1588_LUNG","PC14_LUNG","HCC1588_LUNG","PC14_LUNG","HCC1588_LUNG","HCC1588_LUNG","PC14_LUNG","HCC1588_LUNG","HCC1588_LUNG"
"RAJI_HAEMATOPOIETIC_AND_LYMPHOID_TISSUE",,"RAJI_HAEMATOPOIETIC_AND_LYMPHOID_TISSUE",,"RAJI_HAEMATOPOIETIC_AND_LYMPHOID_TISSUE",,"RAJI_HAEMATOPOIETIC_AND_LYMPHOID_TISSUE",,"RAJI_HAEMATOPOIETIC_AND_LYMPHOID_TISSUE",,"RAJI_HAEMATOPOIETIC_AND_LYMPHOID_TISSUE",,"RAJI_HAEMATOPOIETIC_AND_LYMPHOID_TISSUE",
"REH_HAEMATOPOIETIC_AND_LYMPHOID_TISSUE",,"REH_HAEMATOPOIETIC_AND_LYMPHOID_TISSUE",,"REH_HAEMATOPOIETIC_AND_LYMPHOID_TISSUE",,"REH_HAEMATOPOIETIC_AND_LYMPHOID_TISSUE",,"REH_HAEMATOPOIETIC_AND_LYMPHOID_TISSUE",,"REH_HAEMATOPOIETIC_AND_LYMPHOID_TISSUE",,"REH_HAEMATOPOIETIC_AND_LYMPHOID_TISSUE",
"SEM_HAEMATOPOIETIC_AND_LYMPHOID_TISSUE",,"SEM_HAEMATOPOIETIC_AND_LYMPHOID_TISSUE",,"SEM_HAEMATOPOIETIC_AND_LYMPHOID_TISSUE",,"SEM_HAEMATOPOIETIC_AND_LYMPHOID_TISSUE",,"SEM_HAEMATOPOIETIC_AND_LYMPHOID_TISSUE",,"SEM_HAEMATOPOIETIC_AND_LYMPHOID_TISSUE",,"SEM_HAEMATOPOIETIC_AND_LYMPHOID_TISSUE",
"P12ICHIKAWA_HAEMATOPOIETIC_AND_LYMPHOID_TISSUE",,"P12ICHIKAWA_HAEMATOPOIETIC_AND_LYMPHOID_TISSUE",,"P12ICHIKAWA_HAEMATOPOIETIC_AND_LYMPHOID_TISSUE",,"P12ICHIKAWA_HAEMATOPOIETIC_AND_LYMPHOID_TISSUE",,"P12ICHIKAWA_HAEMATOPOIETIC_AND_LYMPHOID_TISSUE",,"P12ICHIKAWA_HAEMATOPOIETIC_AND_LYMPHOID_TISSUE",,"P12ICHIKAWA_HAEMATOPOIETIC_AND_LYMPHOID_TISSUE",
"PEER_HAEMATOPOIETIC_AND_LYMPHOID_TISSUE",,"PEER_HAEMATOPOIETIC_AND_LYMPHOID_TISSUE",,"PEER_HAEMATOPOIETIC_AND_LYMPHOID_TISSUE",,"PEER_HAEMATOPOIETIC_AND_LYMPHOID_TISSUE",,"PEER_HAEMATOPOIETIC_AND_LYMPHOID_TISSUE",,"PEER_HAEMATOPOIETIC_AND_LYMPHOID_TISSUE",,"PEER_HAEMATOPOIETIC_AND_LYMPHOID_TISSUE",
"SKM1_HAEMATOPOIETIC_AND_LYMPHOID_TISSUE",,"SKM1_HAEMATOPOIETIC_AND_LYMPHOID_TISSUE",,"SKM1_HAEMATOPOIETIC_AND_LYMPHOID_TISSUE",,"SKM1_HAEMATOPOIETIC_AND_LYMPHOID_TISSUE",,"SKM1_HAEMATOPOIETIC_AND_LYMPHOID_TISSUE",,"SKM1_HAEMATOPOIETIC_AND_LYMPHOID_TISSUE",,"SKM1_HAEMATOPOIETIC_AND_LYMPHOID_TISSUE",
"RCHACV_HAEMATOPOIETIC_AND_LYMPHOID_TISSUE",,"RCHACV_HAEMATOPOIETIC_AND_LYMPHOID_TISSUE",,"RCHACV_HAEMATOPOIETIC_AND_LYMPHOID_TISSUE",,"RCHACV_HAEMATOPOIETIC_AND_LYMPHOID_TISSUE",,"RCHACV_HAEMATOPOIETIC_AND_LYMPHOID_TISSUE",,"RCHACV_HAEMATOPOIETIC_AND_LYMPHOID_TISSUE",,"RCHACV_HAEMATOPOIETIC_AND_LYMPHOID_TISSUE",
"MHHCALL4_HAEMATOPOIETIC_AND_LYMPHOID_TISSUE",,"MHHCALL4_HAEMATOPOIETIC_AND_LYMPHOID_TISSUE",,"MHHCALL4_HAEMATOPOIETIC_AND_LYMPHOID_TISSUE",,"MHHCALL4_HAEMATOPOIETIC_AND_LYMPHOID_TISSUE",,"MHHCALL4_HAEMATOPOIETIC_AND_LYMPHOID_TISSUE",,"MHHCALL4_HAEMATOPOIETIC_AND_LYMPHOID_TISSUE",,"MHHCALL4_HAEMATOPOIETIC_AND_LYMPHOID_TISSUE",
"SIGM5_HAEMATOPOIETIC_AND_LYMPHOID_TISSUE",,"SIGM5_HAEMATOPOIETIC_AND_LYMPHOID_TISSUE",,"SIGM5_HAEMATOPOIETIC_AND_LYMPHOID_TISSUE",,"SIGM5_HAEMATOPOIETIC_AND_LYMPHOID_TISSUE",,"SIGM5_HAEMATOPOIETIC_AND_LYMPHOID_TISSUE",,"SIGM5_HAEMATOPOIETIC_AND_LYMPHOID_TISSUE",,"SIGM5_HAEMATOPOIETIC_AND_LYMPHOID_TISSUE",
"NALM1_HAEMATOPOIETIC_AND_LYMPHOID_TISSUE",,"NALM1_HAEMATOPOIETIC_AND_LYMPHOID_TISSUE",,"NALM1_HAEMATOPOIETIC_AND_LYMPHOID_TISSUE",,"NALM1_HAEMATOPOIETIC_AND_LYMPHOID_TISSUE",,"NALM1_HAEMATOPOIETIC_AND_LYMPHOID_TISSUE",,"NALM1_HAEMATOPOIETIC_AND_LYMPHOID_TISSUE",,"NALM1_HAEMATOPOIETIC_AND_LYMPHOID_TISSUE",
"SUPB15_HAEMATOPOIETIC_AND_LYMPHOID_TISSUE",,"SUPB15_HAEMATOPOIETIC_AND_LYMPHOID_TISSUE",,"SUPB15_HAEMATOPOIETIC_AND_LYMPHOID_TISSUE",,"SUPB15_HAEMATOPOIETIC_AND_LYMPHOID_TISSUE",,"SUPB15_HAEMATOPOIETIC_AND_LYMPHOID_TISSUE",,"SUPB15_HAEMATOPOIETIC_AND_LYMPHOID_TISSUE",,"SUPB15_HAEMATOPOIETIC_AND_LYMPHOID_TISSUE",
"M07E_HAEMATOPOIETIC_AND_LYMPHOID_TISSUE",,"M07E_HAEMATOPOIETIC_AND_LYMPHOID_TISSUE",,"M07E_HAEMATOPOIETIC_AND_LYMPHOID_TISSUE",,"M07E_HAEMATOPOIETIC_AND_LYMPHOID_TISSUE",,"M07E_HAEMATOPOIETIC_AND_LYMPHOID_TISSUE",,"M07E_HAEMATOPOIETIC_AND_LYMPHOID_TISSUE",,"M07E_HAEMATOPOIETIC_AND_LYMPHOID_TISSUE",
"MHHCALL3_HAEMATOPOIETIC_AND_LYMPHOID_TISSUE",,"MHHCALL3_HAEMATOPOIETIC_AND_LYMPHOID_TISSUE",,"MHHCALL3_HAEMATOPOIETIC_AND_LYMPHOID_TISSUE",,"MHHCALL3_HAEMATOPOIETIC_AND_LYMPHOID_TISSUE",,"MHHCALL3_HAEMATOPOIETIC_AND_LYMPHOID_TISSUE",,"MHHCALL3_HAEMATOPOIETIC_AND_LYMPHOID_TISSUE",,"MHHCALL3_HAEMATOPOIETIC_AND_LYMPHOID_TISSUE",
"RL_HAEMATOPOIETIC_AND_LYMPHOID_TISSUE",,"RL_HAEMATOPOIETIC_AND_LYMPHOID_TISSUE",,"RL_HAEMATOPOIETIC_AND_LYMPHOID_TISSUE",,"RL_HAEMATOPOIETIC_AND_LYMPHOID_TISSUE",,"RL_HAEMATOPOIETIC_AND_LYMPHOID_TISSUE",,"RL_HAEMATOPOIETIC_AND_LYMPHOID_TISSUE",,"RL_HAEMATOPOIETIC_AND_LYMPHOID_TISSUE",
"SKNO1_HAEMATOPOIETIC_AND_LYMPHOID_TISSUE",,"SKNO1_HAEMATOPOIETIC_AND_LYMPHOID_TISSUE",,"SKNO1_HAEMATOPOIETIC_AND_LYMPHOID_TISSUE",,"SKNO1_HAEMATOPOIETIC_AND_LYMPHOID_TISSUE",,"SKNO1_HAEMATOPOIETIC_AND_LYMPHOID_TISSUE",,"SKNO1_HAEMATOPOIETIC_AND_LYMPHOID_TISSUE",,"SKNO1_HAEMATOPOIETIC_AND_LYMPHOID_TISSUE",
"EOL1_HAEMATOPOIETIC_AND_LYMPHOID_TISSUE",,"EOL1_HAEMATOPOIETIC_AND_LYMPHOID_TISSUE",,"EOL1_HAEMATOPOIETIC_AND_LYMPHOID_TISSUE",,"EOL1_HAEMATOPOIETIC_AND_LYMPHOID_TISSUE",,"EOL1_HAEMATOPOIETIC_AND_LYMPHOID_TISSUE",,"EOL1_HAEMATOPOIETIC_AND_LYMPHOID_TISSUE",,"EOL1_HAEMATOPOIETIC_AND_LYMPHOID_TISSUE",
"MONOMAC6_HAEMATOPOIETIC_AND_LYMPHOID_TISSUE",,"MONOMAC6_HAEMATOPOIETIC_AND_LYMPHOID_TISSUE",,"MONOMAC6_HAEMATOPOIETIC_AND_LYMPHOID_TISSUE",,"MONOMAC6_HAEMATOPOIETIC_AND_LYMPHOID_TISSUE",,"MONOMAC6_HAEMATOPOIETIC_AND_LYMPHOID_TISSUE",,"MONOMAC6_HAEMATOPOIETIC_AND_LYMPHOID_TISSUE",,"MONOMAC6_HAEMATOPOIETIC_AND_LYMPHOID_TISSUE",
"KASUMI2_HAEMATOPOIETIC_AND_LYMPHOID_TISSUE",,"KASUMI2_HAEMATOPOIETIC_AND_LYMPHOID_TISSUE",,"KASUMI2_HAEMATOPOIETIC_AND_LYMPHOID_TISSUE",,"KASUMI2_HAEMATOPOIETIC_AND_LYMPHOID_TISSUE",,"KASUMI2_HAEMATOPOIETIC_AND_LYMPHOID_TISSUE",,"KASUMI2_HAEMATOPOIETIC_AND_LYMPHOID_TISSUE",,"KASUMI2_HAEMATOPOIETIC_AND_LYMPHOID_TISSUE",
"MOLM13_HAEMATOPOIETIC_AND_LYMPHOID_TISSUE",,"MOLM13_HAEMATOPOIETIC_AND_LYMPHOID_TISSUE",,"MOLM13_HAEMATOPOIETIC_AND_LYMPHOID_TISSUE",,"MOLM13_HAEMATOPOIETIC_AND_LYMPHOID_TISSUE",,"MOLM13_HAEMATOPOIETIC_AND_LYMPHOID_TISSUE",,"MOLM13_HAEMATOPOIETIC_AND_LYMPHOID_TISSUE",,"MOLM13_HAEMATOPOIETIC_AND_LYMPHOID_TISSUE",
"NALM6_HAEMATOPOIETIC_AND_LYMPHOID_TISSUE",,"NALM6_HAEMATOPOIETIC_AND_LYMPHOID_TISSUE",,"NALM6_HAEMATOPOIETIC_AND_LYMPHOID_TISSUE",,"NALM6_HAEMATOPOIETIC_AND_LYMPHOID_TISSUE",,"NALM6_HAEMATOPOIETIC_AND_LYMPHOID_TISSUE",,"NALM6_HAEMATOPOIETIC_AND_LYMPHOID_TISSUE",,"NALM6_HAEMATOPOIETIC_AND_LYMPHOID_TISSUE",
"HCC364_LUNG",,"HCC364_LUNG",,"HCC364_LUNG",,"HCC364_LUNG",,"HCC364_LUNG",,"HCC364_LUNG",,"HCC364_LUNG",
"NCIH2347_LUNG",,"NCIH2347_LUNG",,"NCIH2347_LUNG",,"NCIH2347_LUNG",,"NCIH2347_LUNG",,"NCIH2347_LUNG",,"NCIH2347_LUNG",
"KG1_HAEMATOPOIETIC_AND_LYMPHOID_TISSUE",,"KG1_HAEMATOPOIETIC_AND_LYMPHOID_TISSUE",,"KG1_HAEMATOPOIETIC_AND_LYMPHOID_TISSUE",,"KG1_HAEMATOPOIETIC_AND_LYMPHOID_TISSUE",,"KG1_HAEMATOPOIETIC_AND_LYMPHOID_TISSUE",,"KG1_HAEMATOPOIETIC_AND_LYMPHOID_TISSUE",,"KG1_HAEMATOPOIETIC_AND_LYMPHOID_TISSUE",
"MOLM6_HAEMATOPOIETIC_AND_LYMPHOID_TISSUE",,"MOLM6_HAEMATOPOIETIC_AND_LYMPHOID_TISSUE",,"MOLM6_HAEMATOPOIETIC_AND_LYMPHOID_TISSUE",,"MOLM6_HAEMATOPOIETIC_AND_LYMPHOID_TISSUE",,"MOLM6_HAEMATOPOIETIC_AND_LYMPHOID_TISSUE",,"MOLM6_HAEMATOPOIETIC_AND_LYMPHOID_TISSUE",,"MOLM6_HAEMATOPOIETIC_AND_LYMPHOID_TISSUE",
"MOLT3_HAEMATOPOIETIC_AND_LYMPHOID_TISSUE",,"MOLT3_HAEMATOPOIETIC_AND_LYMPHOID_TISSUE",,"MOLT3_HAEMATOPOIETIC_AND_LYMPHOID_TISSUE",,"MOLT3_HAEMATOPOIETIC_AND_LYMPHOID_TISSUE",,"MOLT3_HAEMATOPOIETIC_AND_LYMPHOID_TISSUE",,"MOLT3_HAEMATOPOIETIC_AND_LYMPHOID_TISSUE",,"MOLT3_HAEMATOPOIETIC_AND_LYMPHOID_TISSUE",
"MUTZ5_HAEMATOPOIETIC_AND_LYMPHOID_TISSUE",,"MUTZ5_HAEMATOPOIETIC_AND_LYMPHOID_TISSUE",,"MUTZ5_HAEMATOPOIETIC_AND_LYMPHOID_TISSUE",,"MUTZ5_HAEMATOPOIETIC_AND_LYMPHOID_TISSUE",,"MUTZ5_HAEMATOPOIETIC_AND_LYMPHOID_TISSUE",,"MUTZ5_HAEMATOPOIETIC_AND_LYMPHOID_TISSUE",,"MUTZ5_HAEMATOPOIETIC_AND_LYMPHOID_TISSUE",
"OCIAML2_HAEMATOPOIETIC_AND_LYMPHOID_TISSUE",,"OCIAML2_HAEMATOPOIETIC_AND_LYMPHOID_TISSUE",,"OCIAML2_HAEMATOPOIETIC_AND_LYMPHOID_TISSUE",,"OCIAML2_HAEMATOPOIETIC_AND_LYMPHOID_TISSUE",,"OCIAML2_HAEMATOPOIETIC_AND_LYMPHOID_TISSUE",,"OCIAML2_HAEMATOPOIETIC_AND_LYMPHOID_TISSUE",,"OCIAML2_HAEMATOPOIETIC_AND_LYMPHOID_TISSUE",
"KU812_HAEMATOPOIETIC_AND_LYMPHOID_TISSUE",,"KU812_HAEMATOPOIETIC_AND_LYMPHOID_TISSUE",,"KU812_HAEMATOPOIETIC_AND_LYMPHOID_TISSUE",,"KU812_HAEMATOPOIETIC_AND_LYMPHOID_TISSUE",,"KU812_HAEMATOPOIETIC_AND_LYMPHOID_TISSUE",,"KU812_HAEMATOPOIETIC_AND_LYMPHOID_TISSUE",,"KU812_HAEMATOPOIETIC_AND_LYMPHOID_TISSUE",
"RI1_HAEMATOPOIETIC_AND_LYMPHOID_TISSUE",,"RI1_HAEMATOPOIETIC_AND_LYMPHOID_TISSUE",,"RI1_HAEMATOPOIETIC_AND_LYMPHOID_TISSUE",,"RI1_HAEMATOPOIETIC_AND_LYMPHOID_TISSUE",,"RI1_HAEMATOPOIETIC_AND_LYMPHOID_TISSUE",,"RI1_HAEMATOPOIETIC_AND_LYMPHOID_TISSUE",,"RI1_HAEMATOPOIETIC_AND_LYMPHOID_TISSUE",
"NCIH209_LUNG",,"NCIH209_LUNG",,"NCIH209_LUNG",,"NCIH209_LUNG",,"NCIH209_LUNG",,"NCIH209_LUNG",,"NCIH209_LUNG",
"MONOMAC1_HAEMATOPOIETIC_AND_LYMPHOID_TISSUE",,"MONOMAC1_HAEMATOPOIETIC_AND_LYMPHOID_TISSUE",,"MONOMAC1_HAEMATOPOIETIC_AND_LYMPHOID_TISSUE",,"MONOMAC1_HAEMATOPOIETIC_AND_LYMPHOID_TISSUE",,"MONOMAC1_HAEMATOPOIETIC_AND_LYMPHOID_TISSUE",,"MONOMAC1_HAEMATOPOIETIC_AND_LYMPHOID_TISSUE",,"MONOMAC1_HAEMATOPOIETIC_AND_LYMPHOID_TISSUE",
"OCILY19_HAEMATOPOIETIC_AND_LYMPHOID_TISSUE",,"OCILY19_HAEMATOPOIETIC_AND_LYMPHOID_TISSUE",,"OCILY19_HAEMATOPOIETIC_AND_LYMPHOID_TISSUE",,"OCILY19_HAEMATOPOIETIC_AND_LYMPHOID_TISSUE",,"OCILY19_HAEMATOPOIETIC_AND_LYMPHOID_TISSUE",,"OCILY19_HAEMATOPOIETIC_AND_LYMPHOID_TISSUE",,"OCILY19_HAEMATOPOIETIC_AND_LYMPHOID_TISSUE",
"PL21_HAEMATOPOIETIC_AND_LYMPHOID_TISSUE",,"PL21_HAEMATOPOIETIC_AND_LYMPHOID_TISSUE",,"PL21_HAEMATOPOIETIC_AND_LYMPHOID_TISSUE",,"PL21_HAEMATOPOIETIC_AND_LYMPHOID_TISSUE",,"PL21_HAEMATOPOIETIC_AND_LYMPHOID_TISSUE",,"PL21_HAEMATOPOIETIC_AND_LYMPHOID_TISSUE",,"PL21_HAEMATOPOIETIC_AND_LYMPHOID_TISSUE",
"CALU1_LUNG",,"CALU1_LUNG",,"CALU1_LUNG",,"CALU1_LUNG",,"CALU1_LUNG",,"CALU1_LUNG",,"CALU1_LUNG",
"NCIH2286_LUNG",,"NCIH2286_LUNG",,"NCIH2286_LUNG",,"NCIH2286_LUNG",,"NCIH2286_LUNG",,"NCIH2286_LUNG",,"NCIH2286_LUNG",
"SW1271_LUNG",,"SW1271_LUNG",,"SW1271_LUNG",,"SW1271_LUNG",,"SW1271_LUNG",,"SW1271_LUNG",,"SW1271_LUNG",
"SW900_LUNG",,"SW900_LUNG",,"SW900_LUNG",,"SW900_LUNG",,"SW900_LUNG",,"SW900_LUNG",,"SW900_LUNG",
"KE37_HAEMATOPOIETIC_AND_LYMPHOID_TISSUE",,"KE37_HAEMATOPOIETIC_AND_LYMPHOID_TISSUE",,"KE37_HAEMATOPOIETIC_AND_LYMPHOID_TISSUE",,"KE37_HAEMATOPOIETIC_AND_LYMPHOID_TISSUE",,"KE37_HAEMATOPOIETIC_AND_LYMPHOID_TISSUE",,"KE37_HAEMATOPOIETIC_AND_LYMPHOID_TISSUE",,"KE37_HAEMATOPOIETIC_AND_LYMPHOID_TISSUE",
"PF382_HAEMATOPOIETIC_AND_LYMPHOID_TISSUE",,"PF382_HAEMATOPOIETIC_AND_LYMPHOID_TISSUE",,"PF382_HAEMATOPOIETIC_AND_LYMPHOID_TISSUE",,"PF382_HAEMATOPOIETIC_AND_LYMPHOID_TISSUE",,"PF382_HAEMATOPOIETIC_AND_LYMPHOID_TISSUE",,"PF382_HAEMATOPOIETIC_AND_LYMPHOID_TISSUE",,"PF382_HAEMATOPOIETIC_AND_LYMPHOID_TISSUE",
"RPMI8402_HAEMATOPOIETIC_AND_LYMPHOID_TISSUE",,"RPMI8402_HAEMATOPOIETIC_AND_LYMPHOID_TISSUE",,"RPMI8402_HAEMATOPOIETIC_AND_LYMPHOID_TISSUE",,"RPMI8402_HAEMATOPOIETIC_AND_LYMPHOID_TISSUE",,"RPMI8402_HAEMATOPOIETIC_AND_LYMPHOID_TISSUE",,"RPMI8402_HAEMATOPOIETIC_AND_LYMPHOID_TISSUE",,"RPMI8402_HAEMATOPOIETIC_AND_LYMPHOID_TISSUE",
"SUPT1_HAEMATOPOIETIC_AND_LYMPHOID_TISSUE",,"SUPT1_HAEMATOPOIETIC_AND_LYMPHOID_TISSUE",,"SUPT1_HAEMATOPOIETIC_AND_LYMPHOID_TISSUE",,"SUPT1_HAEMATOPOIETIC_AND_LYMPHOID_TISSUE",,"SUPT1_HAEMATOPOIETIC_AND_LYMPHOID_TISSUE",,"SUPT1_HAEMATOPOIETIC_AND_LYMPHOID_TISSUE",,"SUPT1_HAEMATOPOIETIC_AND_LYMPHOID_TISSUE",
"HOP62_LUNG",,"HOP62_LUNG",,"HOP62_LUNG",,"HOP62_LUNG",,"HOP62_LUNG",,"HOP62_LUNG",,"HOP62_LUNG",
"NCIH2087_LUNG",,"NCIH2087_LUNG",,"NCIH2087_LUNG",,"NCIH2087_LUNG",,"NCIH2087_LUNG",,"NCIH2087_LUNG",,"NCIH2087_LUNG",
"A549_LUNG",,"A549_LUNG",,"A549_LUNG",,"A549_LUNG",,"A549_LUNG",,"A549_LUNG",,"A549_LUNG",
"KO52_HAEMATOPOIETIC_AND_LYMPHOID_TISSUE",,"KO52_HAEMATOPOIETIC_AND_LYMPHOID_TISSUE",,"KO52_HAEMATOPOIETIC_AND_LYMPHOID_TISSUE",,"KO52_HAEMATOPOIETIC_AND_LYMPHOID_TISSUE",,"KO52_HAEMATOPOIETIC_AND_LYMPHOID_TISSUE",,"KO52_HAEMATOPOIETIC_AND_LYMPHOID_TISSUE",,"KO52_HAEMATOPOIETIC_AND_LYMPHOID_TISSUE",
"MOLT16_HAEMATOPOIETIC_AND_LYMPHOID_TISSUE",,"MOLT16_HAEMATOPOIETIC_AND_LYMPHOID_TISSUE",,"MOLT16_HAEMATOPOIETIC_AND_LYMPHOID_TISSUE",,"MOLT16_HAEMATOPOIETIC_AND_LYMPHOID_TISSUE",,"MOLT16_HAEMATOPOIETIC_AND_LYMPHOID_TISSUE",,"MOLT16_HAEMATOPOIETIC_AND_LYMPHOID_TISSUE",,"MOLT16_HAEMATOPOIETIC_AND_LYMPHOID_TISSUE",
"OCIAML5_HAEMATOPOIETIC_AND_LYMPHOID_TISSUE",,"OCIAML5_HAEMATOPOIETIC_AND_LYMPHOID_TISSUE",,"OCIAML5_HAEMATOPOIETIC_AND_LYMPHOID_TISSUE",,"OCIAML5_HAEMATOPOIETIC_AND_LYMPHOID_TISSUE",,"OCIAML5_HAEMATOPOIETIC_AND_LYMPHOID_TISSUE",,"OCIAML5_HAEMATOPOIETIC_AND_LYMPHOID_TISSUE",,"OCIAML5_HAEMATOPOIETIC_AND_LYMPHOID_TISSUE",
"SUDHL6_HAEMATOPOIETIC_AND_LYMPHOID_TISSUE",,"SUDHL6_HAEMATOPOIETIC_AND_LYMPHOID_TISSUE",,"SUDHL6_HAEMATOPOIETIC_AND_LYMPHOID_TISSUE",,"SUDHL6_HAEMATOPOIETIC_AND_LYMPHOID_TISSUE",,"SUDHL6_HAEMATOPOIETIC_AND_LYMPHOID_TISSUE",,"SUDHL6_HAEMATOPOIETIC_AND_LYMPHOID_TISSUE",,"SUDHL6_HAEMATOPOIETIC_AND_LYMPHOID_TISSUE",
"TOLEDO_HAEMATOPOIETIC_AND_LYMPHOID_TISSUE",,"TOLEDO_HAEMATOPOIETIC_AND_LYMPHOID_TISSUE",,"TOLEDO_HAEMATOPOIETIC_AND_LYMPHOID_TISSUE",,"TOLEDO_HAEMATOPOIETIC_AND_LYMPHOID_TISSUE",,"TOLEDO_HAEMATOPOIETIC_AND_LYMPHOID_TISSUE",,"TOLEDO_HAEMATOPOIETIC_AND_LYMPHOID_TISSUE",,"TOLEDO_HAEMATOPOIETIC_AND_LYMPHOID_TISSUE",
"HCC461_LUNG",,"HCC461_LUNG",,"HCC461_LUNG",,"HCC461_LUNG",,"HCC461_LUNG",,"HCC461_LUNG",,"HCC461_LUNG",
"MOLM16_HAEMATOPOIETIC_AND_LYMPHOID_TISSUE",,"MOLM16_HAEMATOPOIETIC_AND_LYMPHOID_TISSUE",,"MOLM16_HAEMATOPOIETIC_AND_LYMPHOID_TISSUE",,"MOLM16_HAEMATOPOIETIC_AND_LYMPHOID_TISSUE",,"MOLM16_HAEMATOPOIETIC_AND_LYMPHOID_TISSUE",,"MOLM16_HAEMATOPOIETIC_AND_LYMPHOID_TISSUE",,"MOLM16_HAEMATOPOIETIC_AND_LYMPHOID_TISSUE",
"NCO2_HAEMATOPOIETIC_AND_LYMPHOID_TISSUE",,"NCO2_HAEMATOPOIETIC_AND_LYMPHOID_TISSUE",,"NCO2_HAEMATOPOIETIC_AND_LYMPHOID_TISSUE",,"NCO2_HAEMATOPOIETIC_AND_LYMPHOID_TISSUE",,"NCO2_HAEMATOPOIETIC_AND_LYMPHOID_TISSUE",,"NCO2_HAEMATOPOIETIC_AND_LYMPHOID_TISSUE",,"NCO2_HAEMATOPOIETIC_AND_LYMPHOID_TISSUE",
"SUDHL4_HAEMATOPOIETIC_AND_LYMPHOID_TISSUE",,"SUDHL4_HAEMATOPOIETIC_AND_LYMPHOID_TISSUE",,"SUDHL4_HAEMATOPOIETIC_AND_LYMPHOID_TISSUE",,"SUDHL4_HAEMATOPOIETIC_AND_LYMPHOID_TISSUE",,"SUDHL4_HAEMATOPOIETIC_AND_LYMPHOID_TISSUE",,"SUDHL4_HAEMATOPOIETIC_AND_LYMPHOID_TISSUE",,"SUDHL4_HAEMATOPOIETIC_AND_LYMPHOID_TISSUE",
"AML193_HAEMATOPOIETIC_AND_LYMPHOID_TISSUE",,"AML193_HAEMATOPOIETIC_AND_LYMPHOID_TISSUE",,"AML193_HAEMATOPOIETIC_AND_LYMPHOID_TISSUE",,"AML193_HAEMATOPOIETIC_AND_LYMPHOID_TISSUE",,"AML193_HAEMATOPOIETIC_AND_LYMPHOID_TISSUE",,"AML193_HAEMATOPOIETIC_AND_LYMPHOID_TISSUE",,"AML193_HAEMATOPOIETIC_AND_LYMPHOID_TISSUE",
"BDCM_HAEMATOPOIETIC_AND_LYMPHOID_TISSUE",,"BDCM_HAEMATOPOIETIC_AND_LYMPHOID_TISSUE",,"BDCM_HAEMATOPOIETIC_AND_LYMPHOID_TISSUE",,"BDCM_HAEMATOPOIETIC_AND_LYMPHOID_TISSUE",,"BDCM_HAEMATOPOIETIC_AND_LYMPHOID_TISSUE",,"BDCM_HAEMATOPOIETIC_AND_LYMPHOID_TISSUE",,"BDCM_HAEMATOPOIETIC_AND_LYMPHOID_TISSUE",
"JURKAT_HAEMATOPOIETIC_AND_LYMPHOID_TISSUE",,"JURKAT_HAEMATOPOIETIC_AND_LYMPHOID_TISSUE",,"JURKAT_HAEMATOPOIETIC_AND_LYMPHOID_TISSUE",,"JURKAT_HAEMATOPOIETIC_AND_LYMPHOID_TISSUE",,"JURKAT_HAEMATOPOIETIC_AND_LYMPHOID_TISSUE",,"JURKAT_HAEMATOPOIETIC_AND_LYMPHOID_TISSUE",,"JURKAT_HAEMATOPOIETIC_AND_LYMPHOID_TISSUE",
"KOPN8_HAEMATOPOIETIC_AND_LYMPHOID_TISSUE",,"KOPN8_HAEMATOPOIETIC_AND_LYMPHOID_TISSUE",,"KOPN8_HAEMATOPOIETIC_AND_LYMPHOID_TISSUE",,"KOPN8_HAEMATOPOIETIC_AND_LYMPHOID_TISSUE",,"KOPN8_HAEMATOPOIETIC_AND_LYMPHOID_TISSUE",,"KOPN8_HAEMATOPOIETIC_AND_LYMPHOID_TISSUE",,"KOPN8_HAEMATOPOIETIC_AND_LYMPHOID_TISSUE",
"NCIH1755_LUNG",,"NCIH1755_LUNG",,"NCIH1755_LUNG",,"NCIH1755_LUNG",,"NCIH1755_LUNG",,"NCIH1755_LUNG",,"NCIH1755_LUNG",
"NCIH1975_LUNG",,"NCIH1975_LUNG",,"NCIH1975_LUNG",,"NCIH1975_LUNG",,"NCIH1975_LUNG",,"NCIH1975_LUNG",,"NCIH1975_LUNG",
"HCC2108_LUNG",,"HCC2108_LUNG",,"HCC2108_LUNG",,"HCC2108_LUNG",,"HCC2108_LUNG",,"HCC2108_LUNG",,"HCC2108_LUNG",
"LOUCY_HAEMATOPOIETIC_AND_LYMPHOID_TISSUE",,"LOUCY_HAEMATOPOIETIC_AND_LYMPHOID_TISSUE",,"LOUCY_HAEMATOPOIETIC_AND_LYMPHOID_TISSUE",,"LOUCY_HAEMATOPOIETIC_AND_LYMPHOID_TISSUE",,"LOUCY_HAEMATOPOIETIC_AND_LYMPHOID_TISSUE",,"LOUCY_HAEMATOPOIETIC_AND_LYMPHOID_TISSUE",,"LOUCY_HAEMATOPOIETIC_AND_LYMPHOID_TISSUE",
"MV411_HAEMATOPOIETIC_AND_LYMPHOID_TISSUE",,"MV411_HAEMATOPOIETIC_AND_LYMPHOID_TISSUE",,"MV411_HAEMATOPOIETIC_AND_LYMPHOID_TISSUE",,"MV411_HAEMATOPOIETIC_AND_LYMPHOID_TISSUE",,"MV411_HAEMATOPOIETIC_AND_LYMPHOID_TISSUE",,"MV411_HAEMATOPOIETIC_AND_LYMPHOID_TISSUE",,"MV411_HAEMATOPOIETIC_AND_LYMPHOID_TISSUE",
"P31FUJ_HAEMATOPOIETIC_AND_LYMPHOID_TISSUE",,"P31FUJ_HAEMATOPOIETIC_AND_LYMPHOID_TISSUE",,"P31FUJ_HAEMATOPOIETIC_AND_LYMPHOID_TISSUE",,"P31FUJ_HAEMATOPOIETIC_AND_LYMPHOID_TISSUE",,"P31FUJ_HAEMATOPOIETIC_AND_LYMPHOID_TISSUE",,"P31FUJ_HAEMATOPOIETIC_AND_LYMPHOID_TISSUE",,"P31FUJ_HAEMATOPOIETIC_AND_LYMPHOID_TISSUE",
"SUDHL10_HAEMATOPOIETIC_AND_LYMPHOID_TISSUE",,"SUDHL10_HAEMATOPOIETIC_AND_LYMPHOID_TISSUE",,"SUDHL10_HAEMATOPOIETIC_AND_LYMPHOID_TISSUE",,"SUDHL10_HAEMATOPOIETIC_AND_LYMPHOID_TISSUE",,"SUDHL10_HAEMATOPOIETIC_AND_LYMPHOID_TISSUE",,"SUDHL10_HAEMATOPOIETIC_AND_LYMPHOID_TISSUE",,"SUDHL10_HAEMATOPOIETIC_AND_LYMPHOID_TISSUE",
"SUDHL5_HAEMATOPOIETIC_AND_LYMPHOID_TISSUE",,"SUDHL5_HAEMATOPOIETIC_AND_LYMPHOID_TISSUE",,"SUDHL5_HAEMATOPOIETIC_AND_LYMPHOID_TISSUE",,"SUDHL5_HAEMATOPOIETIC_AND_LYMPHOID_TISSUE",,"SUDHL5_HAEMATOPOIETIC_AND_LYMPHOID_TISSUE",,"SUDHL5_HAEMATOPOIETIC_AND_LYMPHOID_TISSUE",,"SUDHL5_HAEMATOPOIETIC_AND_LYMPHOID_TISSUE",
"U937_HAEMATOPOIETIC_AND_LYMPHOID_TISSUE",,"U937_HAEMATOPOIETIC_AND_LYMPHOID_TISSUE",,"U937_HAEMATOPOIETIC_AND_LYMPHOID_TISSUE",,"U937_HAEMATOPOIETIC_AND_LYMPHOID_TISSUE",,"U937_HAEMATOPOIETIC_AND_LYMPHOID_TISSUE",,"U937_HAEMATOPOIETIC_AND_LYMPHOID_TISSUE",,"U937_HAEMATOPOIETIC_AND_LYMPHOID_TISSUE",
"CA46_HAEMATOPOIETIC_AND_LYMPHOID_TISSUE",,"CA46_HAEMATOPOIETIC_AND_LYMPHOID_TISSUE",,"CA46_HAEMATOPOIETIC_AND_LYMPHOID_TISSUE",,"CA46_HAEMATOPOIETIC_AND_LYMPHOID_TISSUE",,"CA46_HAEMATOPOIETIC_AND_LYMPHOID_TISSUE",,"CA46_HAEMATOPOIETIC_AND_LYMPHOID_TISSUE",,"CA46_HAEMATOPOIETIC_AND_LYMPHOID_TISSUE",
"HEL9217_HAEMATOPOIETIC_AND_LYMPHOID_TISSUE",,"HEL9217_HAEMATOPOIETIC_AND_LYMPHOID_TISSUE",,"HEL9217_HAEMATOPOIETIC_AND_LYMPHOID_TISSUE",,"HEL9217_HAEMATOPOIETIC_AND_LYMPHOID_TISSUE",,"HEL9217_HAEMATOPOIETIC_AND_LYMPHOID_TISSUE",,"HEL9217_HAEMATOPOIETIC_AND_LYMPHOID_TISSUE",,"HEL9217_HAEMATOPOIETIC_AND_LYMPHOID_TISSUE",
"HNT34_HAEMATOPOIETIC_AND_LYMPHOID_TISSUE",,"HNT34_HAEMATOPOIETIC_AND_LYMPHOID_TISSUE",,"HNT34_HAEMATOPOIETIC_AND_LYMPHOID_TISSUE",,"HNT34_HAEMATOPOIETIC_AND_LYMPHOID_TISSUE",,"HNT34_HAEMATOPOIETIC_AND_LYMPHOID_TISSUE",,"HNT34_HAEMATOPOIETIC_AND_LYMPHOID_TISSUE",,"HNT34_HAEMATOPOIETIC_AND_LYMPHOID_TISSUE",
"HCC78_LUNG",,"HCC78_LUNG",,"HCC78_LUNG",,"HCC78_LUNG",,"HCC78_LUNG",,"HCC78_LUNG",,"HCC78_LUNG",
"NCIH1184_LUNG",,"NCIH1184_LUNG",,"NCIH1184_LUNG",,"NCIH1184_LUNG",,"NCIH1184_LUNG",,"NCIH1184_LUNG",,"NCIH1184_LUNG",
"MM1S_HAEMATOPOIETIC_AND_LYMPHOID_TISSUE",,"MM1S_HAEMATOPOIETIC_AND_LYMPHOID_TISSUE",,"MM1S_HAEMATOPOIETIC_AND_LYMPHOID_TISSUE",,"MM1S_HAEMATOPOIETIC_AND_LYMPHOID_TISSUE",,"MM1S_HAEMATOPOIETIC_AND_LYMPHOID_TISSUE",,"MM1S_HAEMATOPOIETIC_AND_LYMPHOID_TISSUE",,"MM1S_HAEMATOPOIETIC_AND_LYMPHOID_TISSUE",
"NOMO1_HAEMATOPOIETIC_AND_LYMPHOID_TISSUE",,"NOMO1_HAEMATOPOIETIC_AND_LYMPHOID_TISSUE",,"NOMO1_HAEMATOPOIETIC_AND_LYMPHOID_TISSUE",,"NOMO1_HAEMATOPOIETIC_AND_LYMPHOID_TISSUE",,"NOMO1_HAEMATOPOIETIC_AND_LYMPHOID_TISSUE",,"NOMO1_HAEMATOPOIETIC_AND_LYMPHOID_TISSUE",,"NOMO1_HAEMATOPOIETIC_AND_LYMPHOID_TISSUE",
"REC1_HAEMATOPOIETIC_AND_LYMPHOID_TISSUE",,"REC1_HAEMATOPOIETIC_AND_LYMPHOID_TISSUE",,"REC1_HAEMATOPOIETIC_AND_LYMPHOID_TISSUE",,"REC1_HAEMATOPOIETIC_AND_LYMPHOID_TISSUE",,"REC1_HAEMATOPOIETIC_AND_LYMPHOID_TISSUE",,"REC1_HAEMATOPOIETIC_AND_LYMPHOID_TISSUE",,"REC1_HAEMATOPOIETIC_AND_LYMPHOID_TISSUE",
"SET2_HAEMATOPOIETIC_AND_LYMPHOID_TISSUE",,"SET2_HAEMATOPOIETIC_AND_LYMPHOID_TISSUE",,"SET2_HAEMATOPOIETIC_AND_LYMPHOID_TISSUE",,"SET2_HAEMATOPOIETIC_AND_LYMPHOID_TISSUE",,"SET2_HAEMATOPOIETIC_AND_LYMPHOID_TISSUE",,"SET2_HAEMATOPOIETIC_AND_LYMPHOID_TISSUE",,"SET2_HAEMATOPOIETIC_AND_LYMPHOID_TISSUE",
"TALL1_HAEMATOPOIETIC_AND_LYMPHOID_TISSUE",,"TALL1_HAEMATOPOIETIC_AND_LYMPHOID_TISSUE",,"TALL1_HAEMATOPOIETIC_AND_LYMPHOID_TISSUE",,"TALL1_HAEMATOPOIETIC_AND_LYMPHOID_TISSUE",,"TALL1_HAEMATOPOIETIC_AND_LYMPHOID_TISSUE",,"TALL1_HAEMATOPOIETIC_AND_LYMPHOID_TISSUE",,"TALL1_HAEMATOPOIETIC_AND_LYMPHOID_TISSUE",
"TF1_HAEMATOPOIETIC_AND_LYMPHOID_TISSUE",,"TF1_HAEMATOPOIETIC_AND_LYMPHOID_TISSUE",,"TF1_HAEMATOPOIETIC_AND_LYMPHOID_TISSUE",,"TF1_HAEMATOPOIETIC_AND_LYMPHOID_TISSUE",,"TF1_HAEMATOPOIETIC_AND_LYMPHOID_TISSUE",,"TF1_HAEMATOPOIETIC_AND_LYMPHOID_TISSUE",,"TF1_HAEMATOPOIETIC_AND_LYMPHOID_TISSUE",
"DB_HAEMATOPOIETIC_AND_LYMPHOID_TISSUE",,"DB_HAEMATOPOIETIC_AND_LYMPHOID_TISSUE",,"DB_HAEMATOPOIETIC_AND_LYMPHOID_TISSUE",,"DB_HAEMATOPOIETIC_AND_LYMPHOID_TISSUE",,"DB_HAEMATOPOIETIC_AND_LYMPHOID_TISSUE",,"DB_HAEMATOPOIETIC_AND_LYMPHOID_TISSUE",,"DB_HAEMATOPOIETIC_AND_LYMPHOID_TISSUE",
"KASUMI6_HAEMATOPOIETIC_AND_LYMPHOID_TISSUE",,"KASUMI6_HAEMATOPOIETIC_AND_LYMPHOID_TISSUE",,"KASUMI6_HAEMATOPOIETIC_AND_LYMPHOID_TISSUE",,"KASUMI6_HAEMATOPOIETIC_AND_LYMPHOID_TISSUE",,"KASUMI6_HAEMATOPOIETIC_AND_LYMPHOID_TISSUE",,"KASUMI6_HAEMATOPOIETIC_AND_LYMPHOID_TISSUE",,"KASUMI6_HAEMATOPOIETIC_AND_LYMPHOID_TISSUE",
"DMS153_LUNG",,"DMS153_LUNG",,"DMS153_LUNG",,"DMS153_LUNG",,"DMS153_LUNG",,"DMS153_LUNG",,"DMS153_LUNG",
"NCIH1781_LUNG",,"NCIH1781_LUNG",,"NCIH1781_LUNG",,"NCIH1781_LUNG",,"NCIH1781_LUNG",,"NCIH1781_LUNG",,"NCIH1781_LUNG",
"NCIH23_LUNG",,"NCIH23_LUNG",,"NCIH23_LUNG",,"NCIH23_LUNG",,"NCIH23_LUNG",,"NCIH23_LUNG",,"NCIH23_LUNG",
"NCIH1436_LUNG",,"NCIH1436_LUNG",,"NCIH1436_LUNG",,"NCIH1436_LUNG",,"NCIH1436_LUNG",,"NCIH1436_LUNG",,"NCIH1436_LUNG",
"GRANTA519_HAEMATOPOIETIC_AND_LYMPHOID_TISSUE",,"GRANTA519_HAEMATOPOIETIC_AND_LYMPHOID_TISSUE",,"GRANTA519_HAEMATOPOIETIC_AND_LYMPHOID_TISSUE",,"GRANTA519_HAEMATOPOIETIC_AND_LYMPHOID_TISSUE",,"GRANTA519_HAEMATOPOIETIC_AND_LYMPHOID_TISSUE",,"GRANTA519_HAEMATOPOIETIC_AND_LYMPHOID_TISSUE",,"GRANTA519_HAEMATOPOIETIC_AND_LYMPHOID_TISSUE",
"HEL_HAEMATOPOIETIC_AND_LYMPHOID_TISSUE",,"HEL_HAEMATOPOIETIC_AND_LYMPHOID_TISSUE",,"HEL_HAEMATOPOIETIC_AND_LYMPHOID_TISSUE",,"HEL_HAEMATOPOIETIC_AND_LYMPHOID_TISSUE",,"HEL_HAEMATOPOIETIC_AND_LYMPHOID_TISSUE",,"HEL_HAEMATOPOIETIC_AND_LYMPHOID_TISSUE",,"HEL_HAEMATOPOIETIC_AND_LYMPHOID_TISSUE",
"HPBALL_HAEMATOPOIETIC_AND_LYMPHOID_TISSUE",,"HPBALL_HAEMATOPOIETIC_AND_LYMPHOID_TISSUE",,"HPBALL_HAEMATOPOIETIC_AND_LYMPHOID_TISSUE",,"HPBALL_HAEMATOPOIETIC_AND_LYMPHOID_TISSUE",,"HPBALL_HAEMATOPOIETIC_AND_LYMPHOID_TISSUE",,"HPBALL_HAEMATOPOIETIC_AND_LYMPHOID_TISSUE",,"HPBALL_HAEMATOPOIETIC_AND_LYMPHOID_TISSUE",
"KE97_HAEMATOPOIETIC_AND_LYMPHOID_TISSUE",,"KE97_HAEMATOPOIETIC_AND_LYMPHOID_TISSUE",,"KE97_HAEMATOPOIETIC_AND_LYMPHOID_TISSUE",,"KE97_HAEMATOPOIETIC_AND_LYMPHOID_TISSUE",,"KE97_HAEMATOPOIETIC_AND_LYMPHOID_TISSUE",,"KE97_HAEMATOPOIETIC_AND_LYMPHOID_TISSUE",,"KE97_HAEMATOPOIETIC_AND_LYMPHOID_TISSUE",
"KMS34_HAEMATOPOIETIC_AND_LYMPHOID_TISSUE",,"KMS34_HAEMATOPOIETIC_AND_LYMPHOID_TISSUE",,"KMS34_HAEMATOPOIETIC_AND_LYMPHOID_TISSUE",,"KMS34_HAEMATOPOIETIC_AND_LYMPHOID_TISSUE",,"KMS34_HAEMATOPOIETIC_AND_LYMPHOID_TISSUE",,"KMS34_HAEMATOPOIETIC_AND_LYMPHOID_TISSUE",,"KMS34_HAEMATOPOIETIC_AND_LYMPHOID_TISSUE",
"PFEIFFER_HAEMATOPOIETIC_AND_LYMPHOID_TISSUE",,"PFEIFFER_HAEMATOPOIETIC_AND_LYMPHOID_TISSUE",,"PFEIFFER_HAEMATOPOIETIC_AND_LYMPHOID_TISSUE",,"PFEIFFER_HAEMATOPOIETIC_AND_LYMPHOID_TISSUE",,"PFEIFFER_HAEMATOPOIETIC_AND_LYMPHOID_TISSUE",,"PFEIFFER_HAEMATOPOIETIC_AND_LYMPHOID_TISSUE",,"PFEIFFER_HAEMATOPOIETIC_AND_LYMPHOID_TISSUE",
"THP1_HAEMATOPOIETIC_AND_LYMPHOID_TISSUE",,"THP1_HAEMATOPOIETIC_AND_LYMPHOID_TISSUE",,"THP1_HAEMATOPOIETIC_AND_LYMPHOID_TISSUE",,"THP1_HAEMATOPOIETIC_AND_LYMPHOID_TISSUE",,"THP1_HAEMATOPOIETIC_AND_LYMPHOID_TISSUE",,"THP1_HAEMATOPOIETIC_AND_LYMPHOID_TISSUE",,"THP1_HAEMATOPOIETIC_AND_LYMPHOID_TISSUE",
"KMS28BM_HAEMATOPOIETIC_AND_LYMPHOID_TISSUE",,"KMS28BM_HAEMATOPOIETIC_AND_LYMPHOID_TISSUE",,"KMS28BM_HAEMATOPOIETIC_AND_LYMPHOID_TISSUE",,"KMS28BM_HAEMATOPOIETIC_AND_LYMPHOID_TISSUE",,"KMS28BM_HAEMATOPOIETIC_AND_LYMPHOID_TISSUE",,"KMS28BM_HAEMATOPOIETIC_AND_LYMPHOID_TISSUE",,"KMS28BM_HAEMATOPOIETIC_AND_LYMPHOID_TISSUE",
"KCL22_HAEMATOPOIETIC_AND_LYMPHOID_TISSUE",,"KCL22_HAEMATOPOIETIC_AND_LYMPHOID_TISSUE",,"KCL22_HAEMATOPOIETIC_AND_LYMPHOID_TISSUE",,"KCL22_HAEMATOPOIETIC_AND_LYMPHOID_TISSUE",,"KCL22_HAEMATOPOIETIC_AND_LYMPHOID_TISSUE",,"KCL22_HAEMATOPOIETIC_AND_LYMPHOID_TISSUE",,"KCL22_HAEMATOPOIETIC_AND_LYMPHOID_TISSUE",
"LAMA84_HAEMATOPOIETIC_AND_LYMPHOID_TISSUE",,"LAMA84_HAEMATOPOIETIC_AND_LYMPHOID_TISSUE",,"LAMA84_HAEMATOPOIETIC_AND_LYMPHOID_TISSUE",,"LAMA84_HAEMATOPOIETIC_AND_LYMPHOID_TISSUE",,"LAMA84_HAEMATOPOIETIC_AND_LYMPHOID_TISSUE",,"LAMA84_HAEMATOPOIETIC_AND_LYMPHOID_TISSUE",,"LAMA84_HAEMATOPOIETIC_AND_LYMPHOID_TISSUE",
"HCC1438_LUNG",,"HCC1438_LUNG",,"HCC1438_LUNG",,"HCC1438_LUNG",,"HCC1438_LUNG",,"HCC1438_LUNG",,"HCC1438_LUNG",
"HCC15_LUNG",,"HCC15_LUNG",,"HCC15_LUNG",,"HCC15_LUNG",,"HCC15_LUNG",,"HCC15_LUNG",,"HCC15_LUNG",
"NCIH2291_LUNG",,"NCIH2291_LUNG",,"NCIH2291_LUNG",,"NCIH2291_LUNG",,"NCIH2291_LUNG",,"NCIH2291_LUNG",,"NCIH2291_LUNG",
"CORL47_LUNG",,"CORL47_LUNG",,"CORL47_LUNG",,"CORL47_LUNG",,"CORL47_LUNG",,"CORL47_LUNG",,"CORL47_LUNG",
"HCC2814_LUNG",,"HCC2814_LUNG",,"HCC2814_LUNG",,"HCC2814_LUNG",,"HCC2814_LUNG",,"HCC2814_LUNG",,"HCC2814_LUNG",
"NCIH1105_LUNG",,"NCIH1105_LUNG",,"NCIH1105_LUNG",,"NCIH1105_LUNG",,"NCIH1105_LUNG",,"NCIH1105_LUNG",,"NCIH1105_LUNG",
"NCIH1355_LUNG",,"NCIH1355_LUNG",,"NCIH1355_LUNG",,"NCIH1355_LUNG",,"NCIH1355_LUNG",,"NCIH1355_LUNG",,"NCIH1355_LUNG",
"KARPAS422_HAEMATOPOIETIC_AND_LYMPHOID_TISSUE",,"KARPAS422_HAEMATOPOIETIC_AND_LYMPHOID_TISSUE",,"KARPAS422_HAEMATOPOIETIC_AND_LYMPHOID_TISSUE",,"KARPAS422_HAEMATOPOIETIC_AND_LYMPHOID_TISSUE",,"KARPAS422_HAEMATOPOIETIC_AND_LYMPHOID_TISSUE",,"KARPAS422_HAEMATOPOIETIC_AND_LYMPHOID_TISSUE",,"KARPAS422_HAEMATOPOIETIC_AND_LYMPHOID_TISSUE",
"MEG01_HAEMATOPOIETIC_AND_LYMPHOID_TISSUE",,"MEG01_HAEMATOPOIETIC_AND_LYMPHOID_TISSUE",,"MEG01_HAEMATOPOIETIC_AND_LYMPHOID_TISSUE",,"MEG01_HAEMATOPOIETIC_AND_LYMPHOID_TISSUE",,"MEG01_HAEMATOPOIETIC_AND_LYMPHOID_TISSUE",,"MEG01_HAEMATOPOIETIC_AND_LYMPHOID_TISSUE",,"MEG01_HAEMATOPOIETIC_AND_LYMPHOID_TISSUE",
"OPM2_HAEMATOPOIETIC_AND_LYMPHOID_TISSUE",,"OPM2_HAEMATOPOIETIC_AND_LYMPHOID_TISSUE",,"OPM2_HAEMATOPOIETIC_AND_LYMPHOID_TISSUE",,"OPM2_HAEMATOPOIETIC_AND_LYMPHOID_TISSUE",,"OPM2_HAEMATOPOIETIC_AND_LYMPHOID_TISSUE",,"OPM2_HAEMATOPOIETIC_AND_LYMPHOID_TISSUE",,"OPM2_HAEMATOPOIETIC_AND_LYMPHOID_TISSUE",
"BCP1_HAEMATOPOIETIC_AND_LYMPHOID_TISSUE",,"BCP1_HAEMATOPOIETIC_AND_LYMPHOID_TISSUE",,"BCP1_HAEMATOPOIETIC_AND_LYMPHOID_TISSUE",,"BCP1_HAEMATOPOIETIC_AND_LYMPHOID_TISSUE",,"BCP1_HAEMATOPOIETIC_AND_LYMPHOID_TISSUE",,"BCP1_HAEMATOPOIETIC_AND_LYMPHOID_TISSUE",,"BCP1_HAEMATOPOIETIC_AND_LYMPHOID_TISSUE",
"CMK_HAEMATOPOIETIC_AND_LYMPHOID_TISSUE",,"CMK_HAEMATOPOIETIC_AND_LYMPHOID_TISSUE",,"CMK_HAEMATOPOIETIC_AND_LYMPHOID_TISSUE",,"CMK_HAEMATOPOIETIC_AND_LYMPHOID_TISSUE",,"CMK_HAEMATOPOIETIC_AND_LYMPHOID_TISSUE",,"CMK_HAEMATOPOIETIC_AND_LYMPHOID_TISSUE",,"CMK_HAEMATOPOIETIC_AND_LYMPHOID_TISSUE",
"C8166_HAEMATOPOIETIC_AND_LYMPHOID_TISSUE",,"C8166_HAEMATOPOIETIC_AND_LYMPHOID_TISSUE",,"C8166_HAEMATOPOIETIC_AND_LYMPHOID_TISSUE",,"C8166_HAEMATOPOIETIC_AND_LYMPHOID_TISSUE",,"C8166_HAEMATOPOIETIC_AND_LYMPHOID_TISSUE",,"C8166_HAEMATOPOIETIC_AND_LYMPHOID_TISSUE",,"C8166_HAEMATOPOIETIC_AND_LYMPHOID_TISSUE",
"HH_HAEMATOPOIETIC_AND_LYMPHOID_TISSUE",,"HH_HAEMATOPOIETIC_AND_LYMPHOID_TISSUE",,"HH_HAEMATOPOIETIC_AND_LYMPHOID_TISSUE",,"HH_HAEMATOPOIETIC_AND_LYMPHOID_TISSUE",,"HH_HAEMATOPOIETIC_AND_LYMPHOID_TISSUE",,"HH_HAEMATOPOIETIC_AND_LYMPHOID_TISSUE",,"HH_HAEMATOPOIETIC_AND_LYMPHOID_TISSUE",
"KMS11_HAEMATOPOIETIC_AND_LYMPHOID_TISSUE",,"KMS11_HAEMATOPOIETIC_AND_LYMPHOID_TISSUE",,"KMS11_HAEMATOPOIETIC_AND_LYMPHOID_TISSUE",,"KMS11_HAEMATOPOIETIC_AND_LYMPHOID_TISSUE",,"KMS11_HAEMATOPOIETIC_AND_LYMPHOID_TISSUE",,"KMS11_HAEMATOPOIETIC_AND_LYMPHOID_TISSUE",,"KMS11_HAEMATOPOIETIC_AND_LYMPHOID_TISSUE",
"GDM1_HAEMATOPOIETIC_AND_LYMPHOID_TISSUE",,"GDM1_HAEMATOPOIETIC_AND_LYMPHOID_TISSUE",,"GDM1_HAEMATOPOIETIC_AND_LYMPHOID_TISSUE",,"GDM1_HAEMATOPOIETIC_AND_LYMPHOID_TISSUE",,"GDM1_HAEMATOPOIETIC_AND_LYMPHOID_TISSUE",,"GDM1_HAEMATOPOIETIC_AND_LYMPHOID_TISSUE",,"GDM1_HAEMATOPOIETIC_AND_LYMPHOID_TISSUE",
"ME1_HAEMATOPOIETIC_AND_LYMPHOID_TISSUE",,"ME1_HAEMATOPOIETIC_AND_LYMPHOID_TISSUE",,"ME1_HAEMATOPOIETIC_AND_LYMPHOID_TISSUE",,"ME1_HAEMATOPOIETIC_AND_LYMPHOID_TISSUE",,"ME1_HAEMATOPOIETIC_AND_LYMPHOID_TISSUE",,"ME1_HAEMATOPOIETIC_AND_LYMPHOID_TISSUE",,"ME1_HAEMATOPOIETIC_AND_LYMPHOID_TISSUE",
"OPM1_HAEMATOPOIETIC_AND_LYMPHOID_TISSUE",,"OPM1_HAEMATOPOIETIC_AND_LYMPHOID_TISSUE",,"OPM1_HAEMATOPOIETIC_AND_LYMPHOID_TISSUE",,"OPM1_HAEMATOPOIETIC_AND_LYMPHOID_TISSUE",,"OPM1_HAEMATOPOIETIC_AND_LYMPHOID_TISSUE",,"OPM1_HAEMATOPOIETIC_AND_LYMPHOID_TISSUE",,"OPM1_HAEMATOPOIETIC_AND_LYMPHOID_TISSUE",
"CMLT1_HAEMATOPOIETIC_AND_LYMPHOID_TISSUE",,"CMLT1_HAEMATOPOIETIC_AND_LYMPHOID_TISSUE",,"CMLT1_HAEMATOPOIETIC_AND_LYMPHOID_TISSUE",,"CMLT1_HAEMATOPOIETIC_AND_LYMPHOID_TISSUE",,"CMLT1_HAEMATOPOIETIC_AND_LYMPHOID_TISSUE",,"CMLT1_HAEMATOPOIETIC_AND_LYMPHOID_TISSUE",,"CMLT1_HAEMATOPOIETIC_AND_LYMPHOID_TISSUE",
"MOLT13_HAEMATOPOIETIC_AND_LYMPHOID_TISSUE",,"MOLT13_HAEMATOPOIETIC_AND_LYMPHOID_TISSUE",,"MOLT13_HAEMATOPOIETIC_AND_LYMPHOID_TISSUE",,"MOLT13_HAEMATOPOIETIC_AND_LYMPHOID_TISSUE",,"MOLT13_HAEMATOPOIETIC_AND_LYMPHOID_TISSUE",,"MOLT13_HAEMATOPOIETIC_AND_LYMPHOID_TISSUE",,"MOLT13_HAEMATOPOIETIC_AND_LYMPHOID_TISSUE",
"JEKO1_HAEMATOPOIETIC_AND_LYMPHOID_TISSUE",,"JEKO1_HAEMATOPOIETIC_AND_LYMPHOID_TISSUE",,"JEKO1_HAEMATOPOIETIC_AND_LYMPHOID_TISSUE",,"JEKO1_HAEMATOPOIETIC_AND_LYMPHOID_TISSUE",,"JEKO1_HAEMATOPOIETIC_AND_LYMPHOID_TISSUE",,"JEKO1_HAEMATOPOIETIC_AND_LYMPHOID_TISSUE",,"JEKO1_HAEMATOPOIETIC_AND_LYMPHOID_TISSUE",
"KASUMI1_HAEMATOPOIETIC_AND_LYMPHOID_TISSUE",,"KASUMI1_HAEMATOPOIETIC_AND_LYMPHOID_TISSUE",,"KASUMI1_HAEMATOPOIETIC_AND_LYMPHOID_TISSUE",,"KASUMI1_HAEMATOPOIETIC_AND_LYMPHOID_TISSUE",,"KASUMI1_HAEMATOPOIETIC_AND_LYMPHOID_TISSUE",,"KASUMI1_HAEMATOPOIETIC_AND_LYMPHOID_TISSUE",,"KASUMI1_HAEMATOPOIETIC_AND_LYMPHOID_TISSUE",
"HCC366_LUNG",,"HCC366_LUNG",,"HCC366_LUNG",,"HCC366_LUNG",,"HCC366_LUNG",,"HCC366_LUNG",,"HCC366_LUNG",
"NCIH1792_LUNG",,"NCIH1792_LUNG",,"NCIH1792_LUNG",,"NCIH1792_LUNG",,"NCIH1792_LUNG",,"NCIH1792_LUNG",,"NCIH1792_LUNG",
"NCIH2009_LUNG",,"NCIH2009_LUNG",,"NCIH2009_LUNG",,"NCIH2009_LUNG",,"NCIH2009_LUNG",,"NCIH2009_LUNG",,"NCIH2009_LUNG",
"NCIH2077_LUNG",,"NCIH2077_LUNG",,"NCIH2077_LUNG",,"NCIH2077_LUNG",,"NCIH2077_LUNG",,"NCIH2077_LUNG",,"NCIH2077_LUNG",
"NCIH226_LUNG",,"NCIH226_LUNG",,"NCIH226_LUNG",,"NCIH226_LUNG",,"NCIH226_LUNG",,"NCIH226_LUNG",,"NCIH226_LUNG",
"NCIH2405_LUNG",,"NCIH2405_LUNG",,"NCIH2405_LUNG",,"NCIH2405_LUNG",,"NCIH2405_LUNG",,"NCIH2405_LUNG",,"NCIH2405_LUNG",
"NCIH2882_LUNG",,"NCIH2882_LUNG",,"NCIH2882_LUNG",,"NCIH2882_LUNG",,"NCIH2882_LUNG",,"NCIH2882_LUNG",,"NCIH2882_LUNG",
"NCIH460_LUNG",,"NCIH460_LUNG",,"NCIH460_LUNG",,"NCIH460_LUNG",,"NCIH460_LUNG",,"NCIH460_LUNG",,"NCIH460_LUNG",
"NCIH526_LUNG",,"NCIH526_LUNG",,"NCIH526_LUNG",,"NCIH526_LUNG",,"NCIH526_LUNG",,"NCIH526_LUNG",,"NCIH526_LUNG",
"PC9_LUNG",,"PC9_LUNG",,"PC9_LUNG",,"PC9_LUNG",,"PC9_LUNG",,"PC9_LUNG",,"PC9_LUNG",
"SQ1_LUNG",,"SQ1_LUNG",,"SQ1_LUNG",,"SQ1_LUNG",,"SQ1_LUNG",,"SQ1_LUNG",,"SQ1_LUNG",
"CORL88_LUNG",,"CORL88_LUNG",,"CORL88_LUNG",,"CORL88_LUNG",,"CORL88_LUNG",,"CORL88_LUNG",,"CORL88_LUNG",
"HCC827GR5_LUNG",,"HCC827GR5_LUNG",,"HCC827GR5_LUNG",,"HCC827GR5_LUNG",,"HCC827GR5_LUNG",,"HCC827GR5_LUNG",,"HCC827GR5_LUNG",
"HCC33_LUNG",,"HCC33_LUNG",,"HCC33_LUNG",,"HCC33_LUNG",,"HCC33_LUNG",,"HCC33_LUNG",,"HCC33_LUNG",
"NCIH1092_LUNG",,"NCIH1092_LUNG",,"NCIH1092_LUNG",,"NCIH1092_LUNG",,"NCIH1092_LUNG",,"NCIH1092_LUNG",,"NCIH1092_LUNG",
"NCIH1155_LUNG",,"NCIH1155_LUNG",,"NCIH1155_LUNG",,"NCIH1155_LUNG",,"NCIH1155_LUNG",,"NCIH1155_LUNG",,"NCIH1155_LUNG",
"KMM1_HAEMATOPOIETIC_AND_LYMPHOID_TISSUE",,"KMM1_HAEMATOPOIETIC_AND_LYMPHOID_TISSUE",,"KMM1_HAEMATOPOIETIC_AND_LYMPHOID_TISSUE",,"KMM1_HAEMATOPOIETIC_AND_LYMPHOID_TISSUE",,"KMM1_HAEMATOPOIETIC_AND_LYMPHOID_TISSUE",,"KMM1_HAEMATOPOIETIC_AND_LYMPHOID_TISSUE",,"KMM1_HAEMATOPOIETIC_AND_LYMPHOID_TISSUE",
"KMS12BM_HAEMATOPOIETIC_AND_LYMPHOID_TISSUE",,"KMS12BM_HAEMATOPOIETIC_AND_LYMPHOID_TISSUE",,"KMS12BM_HAEMATOPOIETIC_AND_LYMPHOID_TISSUE",,"KMS12BM_HAEMATOPOIETIC_AND_LYMPHOID_TISSUE",,"KMS12BM_HAEMATOPOIETIC_AND_LYMPHOID_TISSUE",,"KMS12BM_HAEMATOPOIETIC_AND_LYMPHOID_TISSUE",,"KMS12BM_HAEMATOPOIETIC_AND_LYMPHOID_TISSUE",
"KMS18_HAEMATOPOIETIC_AND_LYMPHOID_TISSUE",,"KMS18_HAEMATOPOIETIC_AND_LYMPHOID_TISSUE",,"KMS18_HAEMATOPOIETIC_AND_LYMPHOID_TISSUE",,"KMS18_HAEMATOPOIETIC_AND_LYMPHOID_TISSUE",,"KMS18_HAEMATOPOIETIC_AND_LYMPHOID_TISSUE",,"KMS18_HAEMATOPOIETIC_AND_LYMPHOID_TISSUE",,"KMS18_HAEMATOPOIETIC_AND_LYMPHOID_TISSUE",
"KMS20_HAEMATOPOIETIC_AND_LYMPHOID_TISSUE",,"KMS20_HAEMATOPOIETIC_AND_LYMPHOID_TISSUE",,"KMS20_HAEMATOPOIETIC_AND_LYMPHOID_TISSUE",,"KMS20_HAEMATOPOIETIC_AND_LYMPHOID_TISSUE",,"KMS20_HAEMATOPOIETIC_AND_LYMPHOID_TISSUE",,"KMS20_HAEMATOPOIETIC_AND_LYMPHOID_TISSUE",,"KMS20_HAEMATOPOIETIC_AND_LYMPHOID_TISSUE",
"KMS21BM_HAEMATOPOIETIC_AND_LYMPHOID_TISSUE",,"KMS21BM_HAEMATOPOIETIC_AND_LYMPHOID_TISSUE",,"KMS21BM_HAEMATOPOIETIC_AND_LYMPHOID_TISSUE",,"KMS21BM_HAEMATOPOIETIC_AND_LYMPHOID_TISSUE",,"KMS21BM_HAEMATOPOIETIC_AND_LYMPHOID_TISSUE",,"KMS21BM_HAEMATOPOIETIC_AND_LYMPHOID_TISSUE",,"KMS21BM_HAEMATOPOIETIC_AND_LYMPHOID_TISSUE",
"KMS26_HAEMATOPOIETIC_AND_LYMPHOID_TISSUE",,"KMS26_HAEMATOPOIETIC_AND_LYMPHOID_TISSUE",,"KMS26_HAEMATOPOIETIC_AND_LYMPHOID_TISSUE",,"KMS26_HAEMATOPOIETIC_AND_LYMPHOID_TISSUE",,"KMS26_HAEMATOPOIETIC_AND_LYMPHOID_TISSUE",,"KMS26_HAEMATOPOIETIC_AND_LYMPHOID_TISSUE",,"KMS26_HAEMATOPOIETIC_AND_LYMPHOID_TISSUE",
"KMS27_HAEMATOPOIETIC_AND_LYMPHOID_TISSUE",,"KMS27_HAEMATOPOIETIC_AND_LYMPHOID_TISSUE",,"KMS27_HAEMATOPOIETIC_AND_LYMPHOID_TISSUE",,"KMS27_HAEMATOPOIETIC_AND_LYMPHOID_TISSUE",,"KMS27_HAEMATOPOIETIC_AND_LYMPHOID_TISSUE",,"KMS27_HAEMATOPOIETIC_AND_LYMPHOID_TISSUE",,"KMS27_HAEMATOPOIETIC_AND_LYMPHOID_TISSUE",
"KYO1_HAEMATOPOIETIC_AND_LYMPHOID_TISSUE",,"KYO1_HAEMATOPOIETIC_AND_LYMPHOID_TISSUE",,"KYO1_HAEMATOPOIETIC_AND_LYMPHOID_TISSUE",,"KYO1_HAEMATOPOIETIC_AND_LYMPHOID_TISSUE",,"KYO1_HAEMATOPOIETIC_AND_LYMPHOID_TISSUE",,"KYO1_HAEMATOPOIETIC_AND_LYMPHOID_TISSUE",,"KYO1_HAEMATOPOIETIC_AND_LYMPHOID_TISSUE",
"L1236_HAEMATOPOIETIC_AND_LYMPHOID_TISSUE",,"L1236_HAEMATOPOIETIC_AND_LYMPHOID_TISSUE",,"L1236_HAEMATOPOIETIC_AND_LYMPHOID_TISSUE",,"L1236_HAEMATOPOIETIC_AND_LYMPHOID_TISSUE",,"L1236_HAEMATOPOIETIC_AND_LYMPHOID_TISSUE",,"L1236_HAEMATOPOIETIC_AND_LYMPHOID_TISSUE",,"L1236_HAEMATOPOIETIC_AND_LYMPHOID_TISSUE",
"L363_HAEMATOPOIETIC_AND_LYMPHOID_TISSUE",,"L363_HAEMATOPOIETIC_AND_LYMPHOID_TISSUE",,"L363_HAEMATOPOIETIC_AND_LYMPHOID_TISSUE",,"L363_HAEMATOPOIETIC_AND_LYMPHOID_TISSUE",,"L363_HAEMATOPOIETIC_AND_LYMPHOID_TISSUE",,"L363_HAEMATOPOIETIC_AND_LYMPHOID_TISSUE",,"L363_HAEMATOPOIETIC_AND_LYMPHOID_TISSUE",
"L428_HAEMATOPOIETIC_AND_LYMPHOID_TISSUE",,"L428_HAEMATOPOIETIC_AND_LYMPHOID_TISSUE",,"L428_HAEMATOPOIETIC_AND_LYMPHOID_TISSUE",,"L428_HAEMATOPOIETIC_AND_LYMPHOID_TISSUE",,"L428_HAEMATOPOIETIC_AND_LYMPHOID_TISSUE",,"L428_HAEMATOPOIETIC_AND_LYMPHOID_TISSUE",,"L428_HAEMATOPOIETIC_AND_LYMPHOID_TISSUE",
"L540_HAEMATOPOIETIC_AND_LYMPHOID_TISSUE",,"L540_HAEMATOPOIETIC_AND_LYMPHOID_TISSUE",,"L540_HAEMATOPOIETIC_AND_LYMPHOID_TISSUE",,"L540_HAEMATOPOIETIC_AND_LYMPHOID_TISSUE",,"L540_HAEMATOPOIETIC_AND_LYMPHOID_TISSUE",,"L540_HAEMATOPOIETIC_AND_LYMPHOID_TISSUE",,"L540_HAEMATOPOIETIC_AND_LYMPHOID_TISSUE",
"LP1_HAEMATOPOIETIC_AND_LYMPHOID_TISSUE",,"LP1_HAEMATOPOIETIC_AND_LYMPHOID_TISSUE",,"LP1_HAEMATOPOIETIC_AND_LYMPHOID_TISSUE",,"LP1_HAEMATOPOIETIC_AND_LYMPHOID_TISSUE",,"LP1_HAEMATOPOIETIC_AND_LYMPHOID_TISSUE",,"LP1_HAEMATOPOIETIC_AND_LYMPHOID_TISSUE",,"LP1_HAEMATOPOIETIC_AND_LYMPHOID_TISSUE",
"MOLP2_HAEMATOPOIETIC_AND_LYMPHOID_TISSUE",,"MOLP2_HAEMATOPOIETIC_AND_LYMPHOID_TISSUE",,"MOLP2_HAEMATOPOIETIC_AND_LYMPHOID_TISSUE",,"MOLP2_HAEMATOPOIETIC_AND_LYMPHOID_TISSUE",,"MOLP2_HAEMATOPOIETIC_AND_LYMPHOID_TISSUE",,"MOLP2_HAEMATOPOIETIC_AND_LYMPHOID_TISSUE",,"MOLP2_HAEMATOPOIETIC_AND_LYMPHOID_TISSUE",
"MOLP8_HAEMATOPOIETIC_AND_LYMPHOID_TISSUE",,"MOLP8_HAEMATOPOIETIC_AND_LYMPHOID_TISSUE",,"MOLP8_HAEMATOPOIETIC_AND_LYMPHOID_TISSUE",,"MOLP8_HAEMATOPOIETIC_AND_LYMPHOID_TISSUE",,"MOLP8_HAEMATOPOIETIC_AND_LYMPHOID_TISSUE",,"MOLP8_HAEMATOPOIETIC_AND_LYMPHOID_TISSUE",,"MOLP8_HAEMATOPOIETIC_AND_LYMPHOID_TISSUE",
"MUTZ3_HAEMATOPOIETIC_AND_LYMPHOID_TISSUE",,"MUTZ3_HAEMATOPOIETIC_AND_LYMPHOID_TISSUE",,"MUTZ3_HAEMATOPOIETIC_AND_LYMPHOID_TISSUE",,"MUTZ3_HAEMATOPOIETIC_AND_LYMPHOID_TISSUE",,"MUTZ3_HAEMATOPOIETIC_AND_LYMPHOID_TISSUE",,"MUTZ3_HAEMATOPOIETIC_AND_LYMPHOID_TISSUE",,"MUTZ3_HAEMATOPOIETIC_AND_LYMPHOID_TISSUE",
"NCIH929_HAEMATOPOIETIC_AND_LYMPHOID_TISSUE",,"NCIH929_HAEMATOPOIETIC_AND_LYMPHOID_TISSUE",,"NCIH929_HAEMATOPOIETIC_AND_LYMPHOID_TISSUE",,"NCIH929_HAEMATOPOIETIC_AND_LYMPHOID_TISSUE",,"NCIH929_HAEMATOPOIETIC_AND_LYMPHOID_TISSUE",,"NCIH929_HAEMATOPOIETIC_AND_LYMPHOID_TISSUE",,"NCIH929_HAEMATOPOIETIC_AND_LYMPHOID_TISSUE",
"NUDHL1_HAEMATOPOIETIC_AND_LYMPHOID_TISSUE",,"NUDHL1_HAEMATOPOIETIC_AND_LYMPHOID_TISSUE",,"NUDHL1_HAEMATOPOIETIC_AND_LYMPHOID_TISSUE",,"NUDHL1_HAEMATOPOIETIC_AND_LYMPHOID_TISSUE",,"NUDHL1_HAEMATOPOIETIC_AND_LYMPHOID_TISSUE",,"NUDHL1_HAEMATOPOIETIC_AND_LYMPHOID_TISSUE",,"NUDHL1_HAEMATOPOIETIC_AND_LYMPHOID_TISSUE",
"OCIAML3_HAEMATOPOIETIC_AND_LYMPHOID_TISSUE",,"OCIAML3_HAEMATOPOIETIC_AND_LYMPHOID_TISSUE",,"OCIAML3_HAEMATOPOIETIC_AND_LYMPHOID_TISSUE",,"OCIAML3_HAEMATOPOIETIC_AND_LYMPHOID_TISSUE",,"OCIAML3_HAEMATOPOIETIC_AND_LYMPHOID_TISSUE",,"OCIAML3_HAEMATOPOIETIC_AND_LYMPHOID_TISSUE",,"OCIAML3_HAEMATOPOIETIC_AND_LYMPHOID_TISSUE",
"OCILY3_HAEMATOPOIETIC_AND_LYMPHOID_TISSUE",,"OCILY3_HAEMATOPOIETIC_AND_LYMPHOID_TISSUE",,"OCILY3_HAEMATOPOIETIC_AND_LYMPHOID_TISSUE",,"OCILY3_HAEMATOPOIETIC_AND_LYMPHOID_TISSUE",,"OCILY3_HAEMATOPOIETIC_AND_LYMPHOID_TISSUE",,"OCILY3_HAEMATOPOIETIC_AND_LYMPHOID_TISSUE",,"OCILY3_HAEMATOPOIETIC_AND_LYMPHOID_TISSUE",
"OCIM1_HAEMATOPOIETIC_AND_LYMPHOID_TISSUE",,"OCIM1_HAEMATOPOIETIC_AND_LYMPHOID_TISSUE",,"OCIM1_HAEMATOPOIETIC_AND_LYMPHOID_TISSUE",,"OCIM1_HAEMATOPOIETIC_AND_LYMPHOID_TISSUE",,"OCIM1_HAEMATOPOIETIC_AND_LYMPHOID_TISSUE",,"OCIM1_HAEMATOPOIETIC_AND_LYMPHOID_TISSUE",,"OCIM1_HAEMATOPOIETIC_AND_LYMPHOID_TISSUE",
"OCIMY5_HAEMATOPOIETIC_AND_LYMPHOID_TISSUE",,"OCIMY5_HAEMATOPOIETIC_AND_LYMPHOID_TISSUE",,"OCIMY5_HAEMATOPOIETIC_AND_LYMPHOID_TISSUE",,"OCIMY5_HAEMATOPOIETIC_AND_LYMPHOID_TISSUE",,"OCIMY5_HAEMATOPOIETIC_AND_LYMPHOID_TISSUE",,"OCIMY5_HAEMATOPOIETIC_AND_LYMPHOID_TISSUE",,"OCIMY5_HAEMATOPOIETIC_AND_LYMPHOID_TISSUE",
"OCIMY7_HAEMATOPOIETIC_AND_LYMPHOID_TISSUE",,"OCIMY7_HAEMATOPOIETIC_AND_LYMPHOID_TISSUE",,"OCIMY7_HAEMATOPOIETIC_AND_LYMPHOID_TISSUE",,"OCIMY7_HAEMATOPOIETIC_AND_LYMPHOID_TISSUE",,"OCIMY7_HAEMATOPOIETIC_AND_LYMPHOID_TISSUE",,"OCIMY7_HAEMATOPOIETIC_AND_LYMPHOID_TISSUE",,"OCIMY7_HAEMATOPOIETIC_AND_LYMPHOID_TISSUE",
"PLB985_HAEMATOPOIETIC_AND_LYMPHOID_TISSUE",,"PLB985_HAEMATOPOIETIC_AND_LYMPHOID_TISSUE",,"PLB985_HAEMATOPOIETIC_AND_LYMPHOID_TISSUE",,"PLB985_HAEMATOPOIETIC_AND_LYMPHOID_TISSUE",,"PLB985_HAEMATOPOIETIC_AND_LYMPHOID_TISSUE",,"PLB985_HAEMATOPOIETIC_AND_LYMPHOID_TISSUE",,"PLB985_HAEMATOPOIETIC_AND_LYMPHOID_TISSUE",
"RPMI8226_HAEMATOPOIETIC_AND_LYMPHOID_TISSUE",,"RPMI8226_HAEMATOPOIETIC_AND_LYMPHOID_TISSUE",,"RPMI8226_HAEMATOPOIETIC_AND_LYMPHOID_TISSUE",,"RPMI8226_HAEMATOPOIETIC_AND_LYMPHOID_TISSUE",,"RPMI8226_HAEMATOPOIETIC_AND_LYMPHOID_TISSUE",,"RPMI8226_HAEMATOPOIETIC_AND_LYMPHOID_TISSUE",,"RPMI8226_HAEMATOPOIETIC_AND_LYMPHOID_TISSUE",
"RS411_HAEMATOPOIETIC_AND_LYMPHOID_TISSUE",,"RS411_HAEMATOPOIETIC_AND_LYMPHOID_TISSUE",,"RS411_HAEMATOPOIETIC_AND_LYMPHOID_TISSUE",,"RS411_HAEMATOPOIETIC_AND_LYMPHOID_TISSUE",,"RS411_HAEMATOPOIETIC_AND_LYMPHOID_TISSUE",,"RS411_HAEMATOPOIETIC_AND_LYMPHOID_TISSUE",,"RS411_HAEMATOPOIETIC_AND_LYMPHOID_TISSUE",
"SKMM2_HAEMATOPOIETIC_AND_LYMPHOID_TISSUE",,"SKMM2_HAEMATOPOIETIC_AND_LYMPHOID_TISSUE",,"SKMM2_HAEMATOPOIETIC_AND_LYMPHOID_TISSUE",,"SKMM2_HAEMATOPOIETIC_AND_LYMPHOID_TISSUE",,"SKMM2_HAEMATOPOIETIC_AND_LYMPHOID_TISSUE",,"SKMM2_HAEMATOPOIETIC_AND_LYMPHOID_TISSUE",,"SKMM2_HAEMATOPOIETIC_AND_LYMPHOID_TISSUE",
"SR786_HAEMATOPOIETIC_AND_LYMPHOID_TISSUE",,"SR786_HAEMATOPOIETIC_AND_LYMPHOID_TISSUE",,"SR786_HAEMATOPOIETIC_AND_LYMPHOID_TISSUE",,"SR786_HAEMATOPOIETIC_AND_LYMPHOID_TISSUE",,"SR786_HAEMATOPOIETIC_AND_LYMPHOID_TISSUE",,"SR786_HAEMATOPOIETIC_AND_LYMPHOID_TISSUE",,"SR786_HAEMATOPOIETIC_AND_LYMPHOID_TISSUE",
"ST486_HAEMATOPOIETIC_AND_LYMPHOID_TISSUE",,"ST486_HAEMATOPOIETIC_AND_LYMPHOID_TISSUE",,"ST486_HAEMATOPOIETIC_AND_LYMPHOID_TISSUE",,"ST486_HAEMATOPOIETIC_AND_LYMPHOID_TISSUE",,"ST486_HAEMATOPOIETIC_AND_LYMPHOID_TISSUE",,"ST486_HAEMATOPOIETIC_AND_LYMPHOID_TISSUE",,"ST486_HAEMATOPOIETIC_AND_LYMPHOID_TISSUE",
"SUDHL1_HAEMATOPOIETIC_AND_LYMPHOID_TISSUE",,"SUDHL1_HAEMATOPOIETIC_AND_LYMPHOID_TISSUE",,"SUDHL1_HAEMATOPOIETIC_AND_LYMPHOID_TISSUE",,"SUDHL1_HAEMATOPOIETIC_AND_LYMPHOID_TISSUE",,"SUDHL1_HAEMATOPOIETIC_AND_LYMPHOID_TISSUE",,"SUDHL1_HAEMATOPOIETIC_AND_LYMPHOID_TISSUE",,"SUDHL1_HAEMATOPOIETIC_AND_LYMPHOID_TISSUE",
"SUDHL8_HAEMATOPOIETIC_AND_LYMPHOID_TISSUE",,"SUDHL8_HAEMATOPOIETIC_AND_LYMPHOID_TISSUE",,"SUDHL8_HAEMATOPOIETIC_AND_LYMPHOID_TISSUE",,"SUDHL8_HAEMATOPOIETIC_AND_LYMPHOID_TISSUE",,"SUDHL8_HAEMATOPOIETIC_AND_LYMPHOID_TISSUE",,"SUDHL8_HAEMATOPOIETIC_AND_LYMPHOID_TISSUE",,"SUDHL8_HAEMATOPOIETIC_AND_LYMPHOID_TISSUE",
"SUPM2_HAEMATOPOIETIC_AND_LYMPHOID_TISSUE",,"SUPM2_HAEMATOPOIETIC_AND_LYMPHOID_TISSUE",,"SUPM2_HAEMATOPOIETIC_AND_LYMPHOID_TISSUE",,"SUPM2_HAEMATOPOIETIC_AND_LYMPHOID_TISSUE",,"SUPM2_HAEMATOPOIETIC_AND_LYMPHOID_TISSUE",,"SUPM2_HAEMATOPOIETIC_AND_LYMPHOID_TISSUE",,"SUPM2_HAEMATOPOIETIC_AND_LYMPHOID_TISSUE",
"SUPT11_HAEMATOPOIETIC_AND_LYMPHOID_TISSUE",,"SUPT11_HAEMATOPOIETIC_AND_LYMPHOID_TISSUE",,"SUPT11_HAEMATOPOIETIC_AND_LYMPHOID_TISSUE",,"SUPT11_HAEMATOPOIETIC_AND_LYMPHOID_TISSUE",,"SUPT11_HAEMATOPOIETIC_AND_LYMPHOID_TISSUE",,"SUPT11_HAEMATOPOIETIC_AND_LYMPHOID_TISSUE",,"SUPT11_HAEMATOPOIETIC_AND_LYMPHOID_TISSUE",
"U266B1_HAEMATOPOIETIC_AND_LYMPHOID_TISSUE",,"U266B1_HAEMATOPOIETIC_AND_LYMPHOID_TISSUE",,"U266B1_HAEMATOPOIETIC_AND_LYMPHOID_TISSUE",,"U266B1_HAEMATOPOIETIC_AND_LYMPHOID_TISSUE",,"U266B1_HAEMATOPOIETIC_AND_LYMPHOID_TISSUE",,"U266B1_HAEMATOPOIETIC_AND_LYMPHOID_TISSUE",,"U266B1_HAEMATOPOIETIC_AND_LYMPHOID_TISSUE",
"WSUDLCL2_HAEMATOPOIETIC_AND_LYMPHOID_TISSUE",,"WSUDLCL2_HAEMATOPOIETIC_AND_LYMPHOID_TISSUE",,"WSUDLCL2_HAEMATOPOIETIC_AND_LYMPHOID_TISSUE",,"WSUDLCL2_HAEMATOPOIETIC_AND_LYMPHOID_TISSUE",,"WSUDLCL2_HAEMATOPOIETIC_AND_LYMPHOID_TISSUE",,"WSUDLCL2_HAEMATOPOIETIC_AND_LYMPHOID_TISSUE",,"WSUDLCL2_HAEMATOPOIETIC_AND_LYMPHOID_TISSUE",
"HCC1833_LUNG",,"HCC1833_LUNG",,"HCC1833_LUNG",,"HCC1833_LUNG",,"HCC1833_LUNG",,"HCC1833_LUNG",,"HCC1833_LUNG",
"HCC2279_LUNG",,"HCC2279_LUNG",,"HCC2279_LUNG",,"HCC2279_LUNG",,"HCC2279_LUNG",,"HCC2279_LUNG",,"HCC2279_LUNG",
"HCC2429_LUNG",,"HCC2429_LUNG",,"HCC2429_LUNG",,"HCC2429_LUNG",,"HCC2429_LUNG",,"HCC2429_LUNG",,"HCC2429_LUNG",
"HCC2450_LUNG",,"HCC2450_LUNG",,"HCC2450_LUNG",,"HCC2450_LUNG",,"HCC2450_LUNG",,"HCC2450_LUNG",,"HCC2450_LUNG",
"HCC4006_LUNG",,"HCC4006_LUNG",,"HCC4006_LUNG",,"HCC4006_LUNG",,"HCC4006_LUNG",,"HCC4006_LUNG",,"HCC4006_LUNG",
"HCC44_LUNG",,"HCC44_LUNG",,"HCC44_LUNG",,"HCC44_LUNG",,"HCC44_LUNG",,"HCC44_LUNG",,"HCC44_LUNG",
"HCC515_LUNG",,"HCC515_LUNG",,"HCC515_LUNG",,"HCC515_LUNG",,"HCC515_LUNG",,"HCC515_LUNG",,"HCC515_LUNG",
"HOP92_LUNG",,"HOP92_LUNG",,"HOP92_LUNG",,"HOP92_LUNG",,"HOP92_LUNG",,"HOP92_LUNG",,"HOP92_LUNG",
"IALM_LUNG",,"IALM_LUNG",,"IALM_LUNG",,"IALM_LUNG",,"IALM_LUNG",,"IALM_LUNG",,"IALM_LUNG",
"KNS62_LUNG",,"KNS62_LUNG",,"KNS62_LUNG",,"KNS62_LUNG",,"KNS62_LUNG",,"KNS62_LUNG",,"KNS62_LUNG",
"LCLC103H_LUNG",,"LCLC103H_LUNG",,"LCLC103H_LUNG",,"LCLC103H_LUNG",,"LCLC103H_LUNG",,"LCLC103H_LUNG",,"LCLC103H_LUNG",
"LK2_LUNG",,"LK2_LUNG",,"LK2_LUNG",,"LK2_LUNG",,"LK2_LUNG",,"LK2_LUNG",,"LK2_LUNG",
"LOUNH91_LUNG",,"LOUNH91_LUNG",,"LOUNH91_LUNG",,"LOUNH91_LUNG",,"LOUNH91_LUNG",,"LOUNH91_LUNG",,"LOUNH91_LUNG",
"LU65_LUNG",,"LU65_LUNG",,"LU65_LUNG",,"LU65_LUNG",,"LU65_LUNG",,"LU65_LUNG",,"LU65_LUNG",
"LUDLU1_LUNG",,"LUDLU1_LUNG",,"LUDLU1_LUNG",,"LUDLU1_LUNG",,"LUDLU1_LUNG",,"LUDLU1_LUNG",,"LUDLU1_LUNG",
"LXF289_LUNG",,"LXF289_LUNG",,"LXF289_LUNG",,"LXF289_LUNG",,"LXF289_LUNG",,"LXF289_LUNG",,"LXF289_LUNG",
"MORCPR_LUNG",,"MORCPR_LUNG",,"MORCPR_LUNG",,"MORCPR_LUNG",,"MORCPR_LUNG",,"MORCPR_LUNG",,"MORCPR_LUNG",
"NCIH1048_LUNG",,"NCIH1048_LUNG",,"NCIH1048_LUNG",,"NCIH1048_LUNG",,"NCIH1048_LUNG",,"NCIH1048_LUNG",,"NCIH1048_LUNG",
"NCIH1339_LUNG",,"NCIH1339_LUNG",,"NCIH1339_LUNG",,"NCIH1339_LUNG",,"NCIH1339_LUNG",,"NCIH1339_LUNG",,"NCIH1339_LUNG",
"NCIH1341_LUNG",,"NCIH1341_LUNG",,"NCIH1341_LUNG",,"NCIH1341_LUNG",,"NCIH1341_LUNG",,"NCIH1341_LUNG",,"NCIH1341_LUNG",
"NCIH1373_LUNG",,"NCIH1373_LUNG",,"NCIH1373_LUNG",,"NCIH1373_LUNG",,"NCIH1373_LUNG",,"NCIH1373_LUNG",,"NCIH1373_LUNG",
"NCIH1385_LUNG",,"NCIH1385_LUNG",,"NCIH1385_LUNG",,"NCIH1385_LUNG",,"NCIH1385_LUNG",,"NCIH1385_LUNG",,"NCIH1385_LUNG",
"NCIH1395_LUNG",,"NCIH1395_LUNG",,"NCIH1395_LUNG",,"NCIH1395_LUNG",,"NCIH1395_LUNG",,"NCIH1395_LUNG",,"NCIH1395_LUNG",
"NCIH1435_LUNG",,"NCIH1435_LUNG",,"NCIH1435_LUNG",,"NCIH1435_LUNG",,"NCIH1435_LUNG",,"NCIH1435_LUNG",,"NCIH1435_LUNG",
"NCIH1437_LUNG",,"NCIH1437_LUNG",,"NCIH1437_LUNG",,"NCIH1437_LUNG",,"NCIH1437_LUNG",,"NCIH1437_LUNG",,"NCIH1437_LUNG",
"NCIH146_LUNG",,"NCIH146_LUNG",,"NCIH146_LUNG",,"NCIH146_LUNG",,"NCIH146_LUNG",,"NCIH146_LUNG",,"NCIH146_LUNG",
"NCIH1563_LUNG",,"NCIH1563_LUNG",,"NCIH1563_LUNG",,"NCIH1563_LUNG",,"NCIH1563_LUNG",,"NCIH1563_LUNG",,"NCIH1563_LUNG",
"NCIH1568_LUNG",,"NCIH1568_LUNG",,"NCIH1568_LUNG",,"NCIH1568_LUNG",,"NCIH1568_LUNG",,"NCIH1568_LUNG",,"NCIH1568_LUNG",
"NCIH1573_LUNG",,"NCIH1573_LUNG",,"NCIH1573_LUNG",,"NCIH1573_LUNG",,"NCIH1573_LUNG",,"NCIH1573_LUNG",,"NCIH1573_LUNG",
"NCIH1623_LUNG",,"NCIH1623_LUNG",,"NCIH1623_LUNG",,"NCIH1623_LUNG",,"NCIH1623_LUNG",,"NCIH1623_LUNG",,"NCIH1623_LUNG",
"NCIH1648_LUNG",,"NCIH1648_LUNG",,"NCIH1648_LUNG",,"NCIH1648_LUNG",,"NCIH1648_LUNG",,"NCIH1648_LUNG",,"NCIH1648_LUNG",
"NCIH1650_LUNG",,"NCIH1650_LUNG",,"NCIH1650_LUNG",,"NCIH1650_LUNG",,"NCIH1650_LUNG",,"NCIH1650_LUNG",,"NCIH1650_LUNG",
"NCIH1651_LUNG",,"NCIH1651_LUNG",,"NCIH1651_LUNG",,"NCIH1651_LUNG",,"NCIH1651_LUNG",,"NCIH1651_LUNG",,"NCIH1651_LUNG",
"NCIH1666_LUNG",,"NCIH1666_LUNG",,"NCIH1666_LUNG",,"NCIH1666_LUNG",,"NCIH1666_LUNG",,"NCIH1666_LUNG",,"NCIH1666_LUNG",
"NCIH1693_LUNG",,"NCIH1693_LUNG",,"NCIH1693_LUNG",,"NCIH1693_LUNG",,"NCIH1693_LUNG",,"NCIH1693_LUNG",,"NCIH1693_LUNG",
"NCIH1694_LUNG",,"NCIH1694_LUNG",,"NCIH1694_LUNG",,"NCIH1694_LUNG",,"NCIH1694_LUNG",,"NCIH1694_LUNG",,"NCIH1694_LUNG",
"NCIH1734_LUNG",,"NCIH1734_LUNG",,"NCIH1734_LUNG",,"NCIH1734_LUNG",,"NCIH1734_LUNG",,"NCIH1734_LUNG",,"NCIH1734_LUNG",
"NCIH1793_LUNG",,"NCIH1793_LUNG",,"NCIH1793_LUNG",,"NCIH1793_LUNG",,"NCIH1793_LUNG",,"NCIH1793_LUNG",,"NCIH1793_LUNG",
"NCIH1819_LUNG",,"NCIH1819_LUNG",,"NCIH1819_LUNG",,"NCIH1819_LUNG",,"NCIH1819_LUNG",,"NCIH1819_LUNG",,"NCIH1819_LUNG",
"NCIH1869_LUNG",,"NCIH1869_LUNG",,"NCIH1869_LUNG",,"NCIH1869_LUNG",,"NCIH1869_LUNG",,"NCIH1869_LUNG",,"NCIH1869_LUNG",
"NCIH1915_LUNG",,"NCIH1915_LUNG",,"NCIH1915_LUNG",,"NCIH1915_LUNG",,"NCIH1915_LUNG",,"NCIH1915_LUNG",,"NCIH1915_LUNG",
"NCIH1930_LUNG",,"NCIH1930_LUNG",,"NCIH1930_LUNG",,"NCIH1930_LUNG",,"NCIH1930_LUNG",,"NCIH1930_LUNG",,"NCIH1930_LUNG",
"NCIH1944_LUNG",,"NCIH1944_LUNG",,"NCIH1944_LUNG",,"NCIH1944_LUNG",,"NCIH1944_LUNG",,"NCIH1944_LUNG",,"NCIH1944_LUNG",
"NCIH196_LUNG",,"NCIH196_LUNG",,"NCIH196_LUNG",,"NCIH196_LUNG",,"NCIH196_LUNG",,"NCIH196_LUNG",,"NCIH196_LUNG",
"NCIH2029_LUNG",,"NCIH2029_LUNG",,"NCIH2029_LUNG",,"NCIH2029_LUNG",,"NCIH2029_LUNG",,"NCIH2029_LUNG",,"NCIH2029_LUNG",
"NCIH2030_LUNG",,"NCIH2030_LUNG",,"NCIH2030_LUNG",,"NCIH2030_LUNG",,"NCIH2030_LUNG",,"NCIH2030_LUNG",,"NCIH2030_LUNG",
"NCIH2066_LUNG",,"NCIH2066_LUNG",,"NCIH2066_LUNG",,"NCIH2066_LUNG",,"NCIH2066_LUNG",,"NCIH2066_LUNG",,"NCIH2066_LUNG",
"NCIH2073_LUNG",,"NCIH2073_LUNG",,"NCIH2073_LUNG",,"NCIH2073_LUNG",,"NCIH2073_LUNG",,"NCIH2073_LUNG",,"NCIH2073_LUNG",
"NCIH2081_LUNG",,"NCIH2081_LUNG",,"NCIH2081_LUNG",,"NCIH2081_LUNG",,"NCIH2081_LUNG",,"NCIH2081_LUNG",,"NCIH2081_LUNG",
"NCIH2085_LUNG",,"NCIH2085_LUNG",,"NCIH2085_LUNG",,"NCIH2085_LUNG",,"NCIH2085_LUNG",,"NCIH2085_LUNG",,"NCIH2085_LUNG",
"NCIH2106_LUNG",,"NCIH2106_LUNG",,"NCIH2106_LUNG",,"NCIH2106_LUNG",,"NCIH2106_LUNG",,"NCIH2106_LUNG",,"NCIH2106_LUNG",
"NCIH2110_LUNG",,"NCIH2110_LUNG",,"NCIH2110_LUNG",,"NCIH2110_LUNG",,"NCIH2110_LUNG",,"NCIH2110_LUNG",,"NCIH2110_LUNG",
"NCIH211_LUNG",,"NCIH211_LUNG",,"NCIH211_LUNG",,"NCIH211_LUNG",,"NCIH211_LUNG",,"NCIH211_LUNG",,"NCIH211_LUNG",
"NCIH2122_LUNG",,"NCIH2122_LUNG",,"NCIH2122_LUNG",,"NCIH2122_LUNG",,"NCIH2122_LUNG",,"NCIH2122_LUNG",,"NCIH2122_LUNG",
"NCIH2126_LUNG",,"NCIH2126_LUNG",,"NCIH2126_LUNG",,"NCIH2126_LUNG",,"NCIH2126_LUNG",,"NCIH2126_LUNG",,"NCIH2126_LUNG",
"NCIH2170_LUNG",,"NCIH2170_LUNG",,"NCIH2170_LUNG",,"NCIH2170_LUNG",,"NCIH2170_LUNG",,"NCIH2170_LUNG",,"NCIH2170_LUNG",
"NCIH2171_LUNG",,"NCIH2171_LUNG",,"NCIH2171_LUNG",,"NCIH2171_LUNG",,"NCIH2171_LUNG",,"NCIH2171_LUNG",,"NCIH2171_LUNG",
"NCIH2172_LUNG",,"NCIH2172_LUNG",,"NCIH2172_LUNG",,"NCIH2172_LUNG",,"NCIH2172_LUNG",,"NCIH2172_LUNG",,"NCIH2172_LUNG",
"NCIH2196_LUNG",,"NCIH2196_LUNG",,"NCIH2196_LUNG",,"NCIH2196_LUNG",,"NCIH2196_LUNG",,"NCIH2196_LUNG",,"NCIH2196_LUNG",
"NCIH2227_LUNG",,"NCIH2227_LUNG",,"NCIH2227_LUNG",,"NCIH2227_LUNG",,"NCIH2227_LUNG",,"NCIH2227_LUNG",,"NCIH2227_LUNG",
"NCIH2228_LUNG",,"NCIH2228_LUNG",,"NCIH2228_LUNG",,"NCIH2228_LUNG",,"NCIH2228_LUNG",,"NCIH2228_LUNG",,"NCIH2228_LUNG",
"NCIH2342_LUNG",,"NCIH2342_LUNG",,"NCIH2342_LUNG",,"NCIH2342_LUNG",,"NCIH2342_LUNG",,"NCIH2342_LUNG",,"NCIH2342_LUNG",
"NCIH2444_LUNG",,"NCIH2444_LUNG",,"NCIH2444_LUNG",,"NCIH2444_LUNG",,"NCIH2444_LUNG",,"NCIH2444_LUNG",,"NCIH2444_LUNG",
"NCIH2887_LUNG",,"NCIH2887_LUNG",,"NCIH2887_LUNG",,"NCIH2887_LUNG",,"NCIH2887_LUNG",,"NCIH2887_LUNG",,"NCIH2887_LUNG",
"NCIH292_LUNG",,"NCIH292_LUNG",,"NCIH292_LUNG",,"NCIH292_LUNG",,"NCIH292_LUNG",,"NCIH292_LUNG",,"NCIH292_LUNG",
"NCIH322_LUNG",,"NCIH322_LUNG",,"NCIH322_LUNG",,"NCIH322_LUNG",,"NCIH322_LUNG",,"NCIH322_LUNG",,"NCIH322_LUNG",
"NCIH358_LUNG",,"NCIH358_LUNG",,"NCIH358_LUNG",,"NCIH358_LUNG",,"NCIH358_LUNG",,"NCIH358_LUNG",,"NCIH358_LUNG",
"NCIH446_LUNG",,"NCIH446_LUNG",,"NCIH446_LUNG",,"NCIH446_LUNG",,"NCIH446_LUNG",,"NCIH446_LUNG",,"NCIH446_LUNG",
"NCIH510_LUNG",,"NCIH510_LUNG",,"NCIH510_LUNG",,"NCIH510_LUNG",,"NCIH510_LUNG",,"NCIH510_LUNG",,"NCIH510_LUNG",
"NCIH520_LUNG",,"NCIH520_LUNG",,"NCIH520_LUNG",,"NCIH520_LUNG",,"NCIH520_LUNG",,"NCIH520_LUNG",,"NCIH520_LUNG",
"NCIH522_LUNG",,"NCIH522_LUNG",,"NCIH522_LUNG",,"NCIH522_LUNG",,"NCIH522_LUNG",,"NCIH522_LUNG",,"NCIH522_LUNG",
"NCIH524_LUNG",,"NCIH524_LUNG",,"NCIH524_LUNG",,"NCIH524_LUNG",,"NCIH524_LUNG",,"NCIH524_LUNG",,"NCIH524_LUNG",
"NCIH596_LUNG",,"NCIH596_LUNG",,"NCIH596_LUNG",,"NCIH596_LUNG",,"NCIH596_LUNG",,"NCIH596_LUNG",,"NCIH596_LUNG",
"NCIH650_LUNG",,"NCIH650_LUNG",,"NCIH650_LUNG",,"NCIH650_LUNG",,"NCIH650_LUNG",,"NCIH650_LUNG",,"NCIH650_LUNG",
"NCIH661_LUNG",,"NCIH661_LUNG",,"NCIH661_LUNG",,"NCIH661_LUNG",,"NCIH661_LUNG",,"NCIH661_LUNG",,"NCIH661_LUNG",
"NCIH69_LUNG",,"NCIH69_LUNG",,"NCIH69_LUNG",,"NCIH69_LUNG",,"NCIH69_LUNG",,"NCIH69_LUNG",,"NCIH69_LUNG",
"NCIH727_LUNG",,"NCIH727_LUNG",,"NCIH727_LUNG",,"NCIH727_LUNG",,"NCIH727_LUNG",,"NCIH727_LUNG",,"NCIH727_LUNG",
"NCIH810_LUNG",,"NCIH810_LUNG",,"NCIH810_LUNG",,"NCIH810_LUNG",,"NCIH810_LUNG",,"NCIH810_LUNG",,"NCIH810_LUNG",
"NCIH82_LUNG",,"NCIH82_LUNG",,"NCIH82_LUNG",,"NCIH82_LUNG",,"NCIH82_LUNG",,"NCIH82_LUNG",,"NCIH82_LUNG",
"NCIH838_LUNG",,"NCIH838_LUNG",,"NCIH838_LUNG",,"NCIH838_LUNG",,"NCIH838_LUNG",,"NCIH838_LUNG",,"NCIH838_LUNG",
"NCIH841_LUNG",,"NCIH841_LUNG",,"NCIH841_LUNG",,"NCIH841_LUNG",,"NCIH841_LUNG",,"NCIH841_LUNG",,"NCIH841_LUNG",
"NCIH854_LUNG",,"NCIH854_LUNG",,"NCIH854_LUNG",,"NCIH854_LUNG",,"NCIH854_LUNG",,"NCIH854_LUNG",,"NCIH854_LUNG",
"NCIH889_LUNG",,"NCIH889_LUNG",,"NCIH889_LUNG",,"NCIH889_LUNG",,"NCIH889_LUNG",,"NCIH889_LUNG",,"NCIH889_LUNG",
"RERFLCAD2_LUNG",,"RERFLCAD2_LUNG",,"RERFLCAD2_LUNG",,"RERFLCAD2_LUNG",,"RERFLCAD2_LUNG",,"RERFLCAD2_LUNG",,"RERFLCAD2_LUNG",
"RERFLCAI_LUNG",,"RERFLCAI_LUNG",,"RERFLCAI_LUNG",,"RERFLCAI_LUNG",,"RERFLCAI_LUNG",,"RERFLCAI_LUNG",,"RERFLCAI_LUNG",
"RERFLCKJ_LUNG",,"RERFLCKJ_LUNG",,"RERFLCKJ_LUNG",,"RERFLCKJ_LUNG",,"RERFLCKJ_LUNG",,"RERFLCKJ_LUNG",,"RERFLCKJ_LUNG",
"RERFLCSQ1_LUNG",,"RERFLCSQ1_LUNG",,"RERFLCSQ1_LUNG",,"RERFLCSQ1_LUNG",,"RERFLCSQ1_LUNG",,"RERFLCSQ1_LUNG",,"RERFLCSQ1_LUNG",
"SALE_LUNG",,"SALE_LUNG",,"SALE_LUNG",,"SALE_LUNG",,"SALE_LUNG",,"SALE_LUNG",,"SALE_LUNG",
"SBC5_LUNG",,"SBC5_LUNG",,"SBC5_LUNG",,"SBC5_LUNG",,"SBC5_LUNG",,"SBC5_LUNG",,"SBC5_LUNG",
"SCLC21H_LUNG",,"SCLC21H_LUNG",,"SCLC21H_LUNG",,"SCLC21H_LUNG",,"SCLC21H_LUNG",,"SCLC21H_LUNG",,"SCLC21H_LUNG",
"SHP77_LUNG",,"SHP77_LUNG",,"SHP77_LUNG",,"SHP77_LUNG",,"SHP77_LUNG",,"SHP77_LUNG",,"SHP77_LUNG",
"SKLU1_LUNG",,"SKLU1_LUNG",,"SKLU1_LUNG",,"SKLU1_LUNG",,"SKLU1_LUNG",,"SKLU1_LUNG",,"SKLU1_LUNG",
"SKMES1_LUNG",,"SKMES1_LUNG",,"SKMES1_LUNG",,"SKMES1_LUNG",,"SKMES1_LUNG",,"SKMES1_LUNG",,"SKMES1_LUNG",
"SW1573_LUNG",,"SW1573_LUNG",,"SW1573_LUNG",,"SW1573_LUNG",,"SW1573_LUNG",,"SW1573_LUNG",,"SW1573_LUNG",
"T3M10_LUNG",,"T3M10_LUNG",,"T3M10_LUNG",,"T3M10_LUNG",,"T3M10_LUNG",,"T3M10_LUNG",,"T3M10_LUNG",
